sat_patente_aduanal_0000|0000
sat_patente_aduanal_0074|0074
sat_patente_aduanal_0101|0101
sat_patente_aduanal_0115|0115
sat_patente_aduanal_0122|0122
sat_patente_aduanal_0123|0123
sat_patente_aduanal_0149|0149
sat_patente_aduanal_0150|0150
sat_patente_aduanal_0182|0182
sat_patente_aduanal_0188|0188
sat_patente_aduanal_0203|0203
sat_patente_aduanal_0205|0205
sat_patente_aduanal_0227|0227
sat_patente_aduanal_0246|0246
sat_patente_aduanal_0247|0247
sat_patente_aduanal_0271|0271
sat_patente_aduanal_0273|0273
sat_patente_aduanal_0276|0276
sat_patente_aduanal_0289|0289
sat_patente_aduanal_0294|0294
sat_patente_aduanal_0309|0309
sat_patente_aduanal_0310|0310
sat_patente_aduanal_0312|0312
sat_patente_aduanal_0316|0316
sat_patente_aduanal_0318|0318
sat_patente_aduanal_0321|0321
sat_patente_aduanal_0323|0323
sat_patente_aduanal_0327|0327
sat_patente_aduanal_0328|0328
sat_patente_aduanal_0334|0334
sat_patente_aduanal_0339|0339
sat_patente_aduanal_0347|0347
sat_patente_aduanal_0348|0348
sat_patente_aduanal_0350|0350
sat_patente_aduanal_0361|0361
sat_patente_aduanal_0368|0368
sat_patente_aduanal_0381|0381
sat_patente_aduanal_0382|0382
sat_patente_aduanal_0387|0387
sat_patente_aduanal_0388|0388
sat_patente_aduanal_0389|0389
sat_patente_aduanal_0390|0390
sat_patente_aduanal_0394|0394
sat_patente_aduanal_0398|0398
sat_patente_aduanal_0400|0400
sat_patente_aduanal_0401|0401
sat_patente_aduanal_0403|0403
sat_patente_aduanal_0404|0404
sat_patente_aduanal_0406|0406
sat_patente_aduanal_0407|0407
sat_patente_aduanal_0411|0411
sat_patente_aduanal_0412|0412
sat_patente_aduanal_0413|0413
sat_patente_aduanal_0414|0414
sat_patente_aduanal_0418|0418
sat_patente_aduanal_0419|0419
sat_patente_aduanal_0420|0420
sat_patente_aduanal_0424|0424
sat_patente_aduanal_0425|0425
sat_patente_aduanal_0426|0426
sat_patente_aduanal_0427|0427
sat_patente_aduanal_0428|0428
sat_patente_aduanal_0429|0429
sat_patente_aduanal_0430|0430
sat_patente_aduanal_0432|0432
sat_patente_aduanal_0438|0438
sat_patente_aduanal_0440|0440
sat_patente_aduanal_0441|0441
sat_patente_aduanal_0442|0442
sat_patente_aduanal_0444|0444
sat_patente_aduanal_0445|0445
sat_patente_aduanal_0447|0447
sat_patente_aduanal_0449|0449
sat_patente_aduanal_0451|0451
sat_patente_aduanal_0454|0454
sat_patente_aduanal_0457|0457
sat_patente_aduanal_0460|0460
sat_patente_aduanal_0462|0462
sat_patente_aduanal_0464|0464
sat_patente_aduanal_0465|0465
sat_patente_aduanal_0467|0467
sat_patente_aduanal_0469|0469
sat_patente_aduanal_0472|0472
sat_patente_aduanal_0474|0474
sat_patente_aduanal_0476|0476
sat_patente_aduanal_0477|0477
sat_patente_aduanal_0478|0478
sat_patente_aduanal_0480|0480
sat_patente_aduanal_0481|0481
sat_patente_aduanal_0482|0482
sat_patente_aduanal_0483|0483
sat_patente_aduanal_0485|0485
sat_patente_aduanal_0486|0486
sat_patente_aduanal_0487|0487
sat_patente_aduanal_0489|0489
sat_patente_aduanal_0491|0491
sat_patente_aduanal_0492|0492
sat_patente_aduanal_0493|0493
sat_patente_aduanal_0494|0494
sat_patente_aduanal_0496|0496
sat_patente_aduanal_0498|0498
sat_patente_aduanal_0499|0499
sat_patente_aduanal_0500|0500
sat_patente_aduanal_0501|0501
sat_patente_aduanal_0503|0503
sat_patente_aduanal_0504|0504
sat_patente_aduanal_0506|0506
sat_patente_aduanal_0508|0508
sat_patente_aduanal_0509|0509
sat_patente_aduanal_0510|0510
sat_patente_aduanal_0512|0512
sat_patente_aduanal_0513|0513
sat_patente_aduanal_0519|0519
sat_patente_aduanal_0520|0520
sat_patente_aduanal_0521|0521
sat_patente_aduanal_0522|0522
sat_patente_aduanal_0523|0523
sat_patente_aduanal_0524|0524
sat_patente_aduanal_0525|0525
sat_patente_aduanal_0526|0526
sat_patente_aduanal_0527|0527
sat_patente_aduanal_0528|0528
sat_patente_aduanal_0529|0529
sat_patente_aduanal_0531|0531
sat_patente_aduanal_0532|0532
sat_patente_aduanal_0534|0534
sat_patente_aduanal_0535|0535
sat_patente_aduanal_0537|0537
sat_patente_aduanal_0538|0538
sat_patente_aduanal_0539|0539
sat_patente_aduanal_0540|0540
sat_patente_aduanal_0544|0544
sat_patente_aduanal_0546|0546
sat_patente_aduanal_0547|0547
sat_patente_aduanal_0548|0548
sat_patente_aduanal_0549|0549
sat_patente_aduanal_0551|0551
sat_patente_aduanal_0552|0552
sat_patente_aduanal_0553|0553
sat_patente_aduanal_0554|0554
sat_patente_aduanal_0555|0555
sat_patente_aduanal_0556|0556
sat_patente_aduanal_0557|0557
sat_patente_aduanal_0558|0558
sat_patente_aduanal_0559|0559
sat_patente_aduanal_0562|0562
sat_patente_aduanal_0563|0563
sat_patente_aduanal_0565|0565
sat_patente_aduanal_0566|0566
sat_patente_aduanal_0569|0569
sat_patente_aduanal_0570|0570
sat_patente_aduanal_0571|0571
sat_patente_aduanal_0572|0572
sat_patente_aduanal_0573|0573
sat_patente_aduanal_0574|0574
sat_patente_aduanal_0575|0575
sat_patente_aduanal_0576|0576
sat_patente_aduanal_0578|0578
sat_patente_aduanal_0579|0579
sat_patente_aduanal_0580|0580
sat_patente_aduanal_0581|0581
sat_patente_aduanal_0582|0582
sat_patente_aduanal_0584|0584
sat_patente_aduanal_0586|0586
sat_patente_aduanal_0587|0587
sat_patente_aduanal_0588|0588
sat_patente_aduanal_0589|0589
sat_patente_aduanal_0590|0590
sat_patente_aduanal_0592|0592
sat_patente_aduanal_0595|0595
sat_patente_aduanal_0596|0596
sat_patente_aduanal_0597|0597
sat_patente_aduanal_0598|0598
sat_patente_aduanal_0599|0599
sat_patente_aduanal_0600|0600
sat_patente_aduanal_0601|0601
sat_patente_aduanal_0604|0604
sat_patente_aduanal_0606|0606
sat_patente_aduanal_0607|0607
sat_patente_aduanal_0608|0608
sat_patente_aduanal_0609|0609
sat_patente_aduanal_0610|0610
sat_patente_aduanal_0611|0611
sat_patente_aduanal_0613|0613
sat_patente_aduanal_0614|0614
sat_patente_aduanal_0615|0615
sat_patente_aduanal_0617|0617
sat_patente_aduanal_0619|0619
sat_patente_aduanal_0620|0620
sat_patente_aduanal_0622|0622
sat_patente_aduanal_0624|0624
sat_patente_aduanal_0625|0625
sat_patente_aduanal_0626|0626
sat_patente_aduanal_0627|0627
sat_patente_aduanal_0628|0628
sat_patente_aduanal_0629|0629
sat_patente_aduanal_0630|0630
sat_patente_aduanal_0631|0631
sat_patente_aduanal_0632|0632
sat_patente_aduanal_0633|0633
sat_patente_aduanal_0634|0634
sat_patente_aduanal_0636|0636
sat_patente_aduanal_0637|0637
sat_patente_aduanal_0638|0638
sat_patente_aduanal_0639|0639
sat_patente_aduanal_0640|0640
sat_patente_aduanal_0641|0641
sat_patente_aduanal_0643|0643
sat_patente_aduanal_0644|0644
sat_patente_aduanal_0645|0645
sat_patente_aduanal_0646|0646
sat_patente_aduanal_0647|0647
sat_patente_aduanal_0648|0648
sat_patente_aduanal_0649|0649
sat_patente_aduanal_0651|0651
sat_patente_aduanal_0652|0652
sat_patente_aduanal_0653|0653
sat_patente_aduanal_0654|0654
sat_patente_aduanal_0655|0655
sat_patente_aduanal_0656|0656
sat_patente_aduanal_0657|0657
sat_patente_aduanal_0659|0659
sat_patente_aduanal_0661|0661
sat_patente_aduanal_0662|0662
sat_patente_aduanal_0663|0663
sat_patente_aduanal_0664|0664
sat_patente_aduanal_0665|0665
sat_patente_aduanal_0666|0666
sat_patente_aduanal_0667|0667
sat_patente_aduanal_0668|0668
sat_patente_aduanal_0669|0669
sat_patente_aduanal_0670|0670
sat_patente_aduanal_0671|0671
sat_patente_aduanal_0672|0672
sat_patente_aduanal_0673|0673
sat_patente_aduanal_0674|0674
sat_patente_aduanal_0675|0675
sat_patente_aduanal_0676|0676
sat_patente_aduanal_0677|0677
sat_patente_aduanal_0678|0678
sat_patente_aduanal_0679|0679
sat_patente_aduanal_0680|0680
sat_patente_aduanal_0681|0681
sat_patente_aduanal_0682|0682
sat_patente_aduanal_0683|0683
sat_patente_aduanal_0684|0684
sat_patente_aduanal_0685|0685
sat_patente_aduanal_0686|0686
sat_patente_aduanal_0687|0687
sat_patente_aduanal_0688|0688
sat_patente_aduanal_0689|0689
sat_patente_aduanal_0690|0690
sat_patente_aduanal_0691|0691
sat_patente_aduanal_0692|0692
sat_patente_aduanal_0693|0693
sat_patente_aduanal_0695|0695
sat_patente_aduanal_0696|0696
sat_patente_aduanal_0697|0697
sat_patente_aduanal_0699|0699
sat_patente_aduanal_0700|0700
sat_patente_aduanal_0701|0701
sat_patente_aduanal_0702|0702
sat_patente_aduanal_0705|0705
sat_patente_aduanal_0706|0706
sat_patente_aduanal_0707|0707
sat_patente_aduanal_0708|0708
sat_patente_aduanal_0709|0709
sat_patente_aduanal_0710|0710
sat_patente_aduanal_0711|0711
sat_patente_aduanal_0712|0712
sat_patente_aduanal_0713|0713
sat_patente_aduanal_0714|0714
sat_patente_aduanal_0715|0715
sat_patente_aduanal_0716|0716
sat_patente_aduanal_0717|0717
sat_patente_aduanal_0718|0718
sat_patente_aduanal_0719|0719
sat_patente_aduanal_0720|0720
sat_patente_aduanal_0721|0721
sat_patente_aduanal_0722|0722
sat_patente_aduanal_0723|0723
sat_patente_aduanal_0724|0724
sat_patente_aduanal_0725|0725
sat_patente_aduanal_0726|0726
sat_patente_aduanal_0727|0727
sat_patente_aduanal_0728|0728
sat_patente_aduanal_0729|0729
sat_patente_aduanal_0731|0731
sat_patente_aduanal_0732|0732
sat_patente_aduanal_0733|0733
sat_patente_aduanal_0734|0734
sat_patente_aduanal_0735|0735
sat_patente_aduanal_0736|0736
sat_patente_aduanal_0737|0737
sat_patente_aduanal_0738|0738
sat_patente_aduanal_0739|0739
sat_patente_aduanal_0740|0740
sat_patente_aduanal_0741|0741
sat_patente_aduanal_0742|0742
sat_patente_aduanal_0743|0743
sat_patente_aduanal_0744|0744
sat_patente_aduanal_0745|0745
sat_patente_aduanal_0746|0746
sat_patente_aduanal_0747|0747
sat_patente_aduanal_0748|0748
sat_patente_aduanal_0749|0749
sat_patente_aduanal_0750|0750
sat_patente_aduanal_0751|0751
sat_patente_aduanal_0752|0752
sat_patente_aduanal_0753|0753
sat_patente_aduanal_0754|0754
sat_patente_aduanal_0755|0755
sat_patente_aduanal_0756|0756
sat_patente_aduanal_0757|0757
sat_patente_aduanal_0758|0758
sat_patente_aduanal_0760|0760
sat_patente_aduanal_0761|0761
sat_patente_aduanal_0762|0762
sat_patente_aduanal_0763|0763
sat_patente_aduanal_0764|0764
sat_patente_aduanal_0765|0765
sat_patente_aduanal_0766|0766
sat_patente_aduanal_0767|0767
sat_patente_aduanal_0768|0768
sat_patente_aduanal_0769|0769
sat_patente_aduanal_0770|0770
sat_patente_aduanal_0771|0771
sat_patente_aduanal_0772|0772
sat_patente_aduanal_0773|0773
sat_patente_aduanal_0774|0774
sat_patente_aduanal_0775|0775
sat_patente_aduanal_0776|0776
sat_patente_aduanal_0777|0777
sat_patente_aduanal_0778|0778
sat_patente_aduanal_0779|0779
sat_patente_aduanal_0780|0780
sat_patente_aduanal_0781|0781
sat_patente_aduanal_0782|0782
sat_patente_aduanal_0783|0783
sat_patente_aduanal_0784|0784
sat_patente_aduanal_0785|0785
sat_patente_aduanal_0786|0786
sat_patente_aduanal_0787|0787
sat_patente_aduanal_0788|0788
sat_patente_aduanal_0790|0790
sat_patente_aduanal_0792|0792
sat_patente_aduanal_0794|0794
sat_patente_aduanal_0795|0795
sat_patente_aduanal_0796|0796
sat_patente_aduanal_0797|0797
sat_patente_aduanal_0798|0798
sat_patente_aduanal_0799|0799
sat_patente_aduanal_0800|0800
sat_patente_aduanal_0801|0801
sat_patente_aduanal_0803|0803
sat_patente_aduanal_0804|0804
sat_patente_aduanal_0805|0805
sat_patente_aduanal_0806|0806
sat_patente_aduanal_0807|0807
sat_patente_aduanal_0808|0808
sat_patente_aduanal_0809|0809
sat_patente_aduanal_0810|0810
sat_patente_aduanal_0811|0811
sat_patente_aduanal_0812|0812
sat_patente_aduanal_0813|0813
sat_patente_aduanal_0814|0814
sat_patente_aduanal_0815|0815
sat_patente_aduanal_0816|0816
sat_patente_aduanal_0817|0817
sat_patente_aduanal_0818|0818
sat_patente_aduanal_0819|0819
sat_patente_aduanal_0820|0820
sat_patente_aduanal_0821|0821
sat_patente_aduanal_0822|0822
sat_patente_aduanal_0823|0823
sat_patente_aduanal_0825|0825
sat_patente_aduanal_0828|0828
sat_patente_aduanal_0829|0829
sat_patente_aduanal_0830|0830
sat_patente_aduanal_0831|0831
sat_patente_aduanal_0832|0832
sat_patente_aduanal_0833|0833
sat_patente_aduanal_0834|0834
sat_patente_aduanal_0835|0835
sat_patente_aduanal_0836|0836
sat_patente_aduanal_0837|0837
sat_patente_aduanal_0838|0838
sat_patente_aduanal_0839|0839
sat_patente_aduanal_0840|0840
sat_patente_aduanal_0841|0841
sat_patente_aduanal_0842|0842
sat_patente_aduanal_0843|0843
sat_patente_aduanal_0844|0844
sat_patente_aduanal_0845|0845
sat_patente_aduanal_0846|0846
sat_patente_aduanal_0847|0847
sat_patente_aduanal_0848|0848
sat_patente_aduanal_0849|0849
sat_patente_aduanal_0850|0850
sat_patente_aduanal_0851|0851
sat_patente_aduanal_0852|0852
sat_patente_aduanal_0853|0853
sat_patente_aduanal_0854|0854
sat_patente_aduanal_0855|0855
sat_patente_aduanal_0856|0856
sat_patente_aduanal_0857|0857
sat_patente_aduanal_0858|0858
sat_patente_aduanal_0859|0859
sat_patente_aduanal_0860|0860
sat_patente_aduanal_0862|0862
sat_patente_aduanal_0863|0863
sat_patente_aduanal_0864|0864
sat_patente_aduanal_0867|0867
sat_patente_aduanal_0868|0868
sat_patente_aduanal_0869|0869
sat_patente_aduanal_0870|0870
sat_patente_aduanal_0871|0871
sat_patente_aduanal_0872|0872
sat_patente_aduanal_0873|0873
sat_patente_aduanal_0875|0875
sat_patente_aduanal_0876|0876
sat_patente_aduanal_0877|0877
sat_patente_aduanal_0878|0878
sat_patente_aduanal_0879|0879
sat_patente_aduanal_0880|0880
sat_patente_aduanal_0881|0881
sat_patente_aduanal_0882|0882
sat_patente_aduanal_0883|0883
sat_patente_aduanal_0884|0884
sat_patente_aduanal_0885|0885
sat_patente_aduanal_0886|0886
sat_patente_aduanal_0887|0887
sat_patente_aduanal_0888|0888
sat_patente_aduanal_0889|0889
sat_patente_aduanal_0890|0890
sat_patente_aduanal_0891|0891
sat_patente_aduanal_0892|0892
sat_patente_aduanal_0895|0895
sat_patente_aduanal_0896|0896
sat_patente_aduanal_0897|0897
sat_patente_aduanal_0898|0898
sat_patente_aduanal_0899|0899
sat_patente_aduanal_0900|0900
sat_patente_aduanal_0901|0901
sat_patente_aduanal_0902|0902
sat_patente_aduanal_0903|0903
sat_patente_aduanal_0904|0904
sat_patente_aduanal_0905|0905
sat_patente_aduanal_0906|0906
sat_patente_aduanal_0907|0907
sat_patente_aduanal_0908|0908
sat_patente_aduanal_0909|0909
sat_patente_aduanal_0910|0910
sat_patente_aduanal_0911|0911
sat_patente_aduanal_0912|0912
sat_patente_aduanal_0913|0913
sat_patente_aduanal_0914|0914
sat_patente_aduanal_0915|0915
sat_patente_aduanal_0916|0916
sat_patente_aduanal_0917|0917
sat_patente_aduanal_0918|0918
sat_patente_aduanal_0919|0919
sat_patente_aduanal_0920|0920
sat_patente_aduanal_0921|0921
sat_patente_aduanal_0922|0922
sat_patente_aduanal_0925|0925
sat_patente_aduanal_0926|0926
sat_patente_aduanal_0927|0927
sat_patente_aduanal_0928|0928
sat_patente_aduanal_0929|0929
sat_patente_aduanal_0930|0930
sat_patente_aduanal_0931|0931
sat_patente_aduanal_0932|0932
sat_patente_aduanal_0933|0933
sat_patente_aduanal_0934|0934
sat_patente_aduanal_0935|0935
sat_patente_aduanal_0936|0936
sat_patente_aduanal_0937|0937
sat_patente_aduanal_0938|0938
sat_patente_aduanal_0939|0939
sat_patente_aduanal_0940|0940
sat_patente_aduanal_0941|0941
sat_patente_aduanal_0942|0942
sat_patente_aduanal_0943|0943
sat_patente_aduanal_0944|0944
sat_patente_aduanal_0945|0945
sat_patente_aduanal_0946|0946
sat_patente_aduanal_0947|0947
sat_patente_aduanal_0948|0948
sat_patente_aduanal_0949|0949
sat_patente_aduanal_0950|0950
sat_patente_aduanal_0951|0951
sat_patente_aduanal_0952|0952
sat_patente_aduanal_0953|0953
sat_patente_aduanal_0954|0954
sat_patente_aduanal_0955|0955
sat_patente_aduanal_0956|0956
sat_patente_aduanal_0957|0957
sat_patente_aduanal_0958|0958
sat_patente_aduanal_0959|0959
sat_patente_aduanal_0960|0960
sat_patente_aduanal_0961|0961
sat_patente_aduanal_0962|0962
sat_patente_aduanal_0963|0963
sat_patente_aduanal_0964|0964
sat_patente_aduanal_0965|0965
sat_patente_aduanal_0966|0966
sat_patente_aduanal_0967|0967
sat_patente_aduanal_0968|0968
sat_patente_aduanal_0969|0969
sat_patente_aduanal_0970|0970
sat_patente_aduanal_0971|0971
sat_patente_aduanal_0972|0972
sat_patente_aduanal_0973|0973
sat_patente_aduanal_0974|0974
sat_patente_aduanal_0975|0975
sat_patente_aduanal_0976|0976
sat_patente_aduanal_0977|0977
sat_patente_aduanal_0978|0978
sat_patente_aduanal_0979|0979
sat_patente_aduanal_0980|0980
sat_patente_aduanal_0981|0981
sat_patente_aduanal_0982|0982
sat_patente_aduanal_0983|0983
sat_patente_aduanal_0984|0984
sat_patente_aduanal_0985|0985
sat_patente_aduanal_0986|0986
sat_patente_aduanal_0987|0987
sat_patente_aduanal_0988|0988
sat_patente_aduanal_0989|0989
sat_patente_aduanal_0990|0990
sat_patente_aduanal_0991|0991
sat_patente_aduanal_0992|0992
sat_patente_aduanal_0993|0993
sat_patente_aduanal_0994|0994
sat_patente_aduanal_0995|0995
sat_patente_aduanal_0997|0997
sat_patente_aduanal_0999|0999
sat_patente_aduanal_1000|1000
sat_patente_aduanal_1001|1001
sat_patente_aduanal_1002|1002
sat_patente_aduanal_1003|1003
sat_patente_aduanal_1004|1004
sat_patente_aduanal_1005|1005
sat_patente_aduanal_1006|1006
sat_patente_aduanal_1007|1007
sat_patente_aduanal_1008|1008
sat_patente_aduanal_1009|1009
sat_patente_aduanal_1010|1010
sat_patente_aduanal_1011|1011
sat_patente_aduanal_1012|1012
sat_patente_aduanal_1013|1013
sat_patente_aduanal_1014|1014
sat_patente_aduanal_1015|1015
sat_patente_aduanal_1016|1016
sat_patente_aduanal_1017|1017
sat_patente_aduanal_1018|1018
sat_patente_aduanal_1019|1019
sat_patente_aduanal_1020|1020
sat_patente_aduanal_1021|1021
sat_patente_aduanal_1022|1022
sat_patente_aduanal_1023|1023
sat_patente_aduanal_1024|1024
sat_patente_aduanal_1025|1025
sat_patente_aduanal_1026|1026
sat_patente_aduanal_1027|1027
sat_patente_aduanal_1028|1028
sat_patente_aduanal_1029|1029
sat_patente_aduanal_1030|1030
sat_patente_aduanal_1031|1031
sat_patente_aduanal_1032|1032
sat_patente_aduanal_1033|1033
sat_patente_aduanal_1034|1034
sat_patente_aduanal_1035|1035
sat_patente_aduanal_1036|1036
sat_patente_aduanal_1037|1037
sat_patente_aduanal_1038|1038
sat_patente_aduanal_1039|1039
sat_patente_aduanal_1040|1040
sat_patente_aduanal_1041|1041
sat_patente_aduanal_1042|1042
sat_patente_aduanal_1043|1043
sat_patente_aduanal_1044|1044
sat_patente_aduanal_1045|1045
sat_patente_aduanal_1046|1046
sat_patente_aduanal_1047|1047
sat_patente_aduanal_1048|1048
sat_patente_aduanal_1049|1049
sat_patente_aduanal_1050|1050
sat_patente_aduanal_1051|1051
sat_patente_aduanal_1052|1052
sat_patente_aduanal_1054|1054
sat_patente_aduanal_1055|1055
sat_patente_aduanal_1056|1056
sat_patente_aduanal_1057|1057
sat_patente_aduanal_1058|1058
sat_patente_aduanal_1059|1059
sat_patente_aduanal_1060|1060
sat_patente_aduanal_1061|1061
sat_patente_aduanal_1062|1062
sat_patente_aduanal_1063|1063
sat_patente_aduanal_1064|1064
sat_patente_aduanal_1065|1065
sat_patente_aduanal_1066|1066
sat_patente_aduanal_1067|1067
sat_patente_aduanal_1068|1068
sat_patente_aduanal_1069|1069
sat_patente_aduanal_1070|1070
sat_patente_aduanal_1071|1071
sat_patente_aduanal_1072|1072
sat_patente_aduanal_1073|1073
sat_patente_aduanal_1074|1074
sat_patente_aduanal_1075|1075
sat_patente_aduanal_1076|1076
sat_patente_aduanal_1077|1077
sat_patente_aduanal_1078|1078
sat_patente_aduanal_1079|1079
sat_patente_aduanal_1080|1080
sat_patente_aduanal_1081|1081
sat_patente_aduanal_1082|1082
sat_patente_aduanal_1084|1084
sat_patente_aduanal_1085|1085
sat_patente_aduanal_1086|1086
sat_patente_aduanal_1087|1087
sat_patente_aduanal_1088|1088
sat_patente_aduanal_1089|1089
sat_patente_aduanal_1090|1090
sat_patente_aduanal_1092|1092
sat_patente_aduanal_1094|1094
sat_patente_aduanal_1095|1095
sat_patente_aduanal_1096|1096
sat_patente_aduanal_1097|1097
sat_patente_aduanal_1098|1098
sat_patente_aduanal_1099|1099
sat_patente_aduanal_1100|1100
sat_patente_aduanal_1102|1102
sat_patente_aduanal_1103|1103
sat_patente_aduanal_1104|1104
sat_patente_aduanal_1105|1105
sat_patente_aduanal_1106|1106
sat_patente_aduanal_1107|1107
sat_patente_aduanal_1108|1108
sat_patente_aduanal_1109|1109
sat_patente_aduanal_1111|1111
sat_patente_aduanal_1112|1112
sat_patente_aduanal_1113|1113
sat_patente_aduanal_1114|1114
sat_patente_aduanal_1115|1115
sat_patente_aduanal_1116|1116
sat_patente_aduanal_1117|1117
sat_patente_aduanal_1120|1120
sat_patente_aduanal_1121|1121
sat_patente_aduanal_1122|1122
sat_patente_aduanal_1123|1123
sat_patente_aduanal_1124|1124
sat_patente_aduanal_1125|1125
sat_patente_aduanal_1126|1126
sat_patente_aduanal_1127|1127
sat_patente_aduanal_1128|1128
sat_patente_aduanal_1129|1129
sat_patente_aduanal_1130|1130
sat_patente_aduanal_1132|1132
sat_patente_aduanal_1136|1136
sat_patente_aduanal_1137|1137
sat_patente_aduanal_1138|1138
sat_patente_aduanal_1139|1139
sat_patente_aduanal_1141|1141
sat_patente_aduanal_1142|1142
sat_patente_aduanal_1144|1144
sat_patente_aduanal_1145|1145
sat_patente_aduanal_1148|1148
sat_patente_aduanal_1149|1149
sat_patente_aduanal_1150|1150
sat_patente_aduanal_1152|1152
sat_patente_aduanal_1153|1153
sat_patente_aduanal_1154|1154
sat_patente_aduanal_1155|1155
sat_patente_aduanal_1156|1156
sat_patente_aduanal_1157|1157
sat_patente_aduanal_1158|1158
sat_patente_aduanal_1159|1159
sat_patente_aduanal_1160|1160
sat_patente_aduanal_1161|1161
sat_patente_aduanal_1162|1162
sat_patente_aduanal_1163|1163
sat_patente_aduanal_1164|1164
sat_patente_aduanal_1165|1165
sat_patente_aduanal_1166|1166
sat_patente_aduanal_1167|1167
sat_patente_aduanal_1168|1168
sat_patente_aduanal_1169|1169
sat_patente_aduanal_1170|1170
sat_patente_aduanal_1171|1171
sat_patente_aduanal_1172|1172
sat_patente_aduanal_1173|1173
sat_patente_aduanal_1174|1174
sat_patente_aduanal_1175|1175
sat_patente_aduanal_1176|1176
sat_patente_aduanal_1177|1177
sat_patente_aduanal_1178|1178
sat_patente_aduanal_1179|1179
sat_patente_aduanal_1181|1181
sat_patente_aduanal_1182|1182
sat_patente_aduanal_1186|1186
sat_patente_aduanal_1187|1187
sat_patente_aduanal_1188|1188
sat_patente_aduanal_1189|1189
sat_patente_aduanal_1190|1190
sat_patente_aduanal_1191|1191
sat_patente_aduanal_1192|1192
sat_patente_aduanal_1193|1193
sat_patente_aduanal_1194|1194
sat_patente_aduanal_1195|1195
sat_patente_aduanal_1196|1196
sat_patente_aduanal_1197|1197
sat_patente_aduanal_1198|1198
sat_patente_aduanal_1199|1199
sat_patente_aduanal_1200|1200
sat_patente_aduanal_1201|1201
sat_patente_aduanal_1202|1202
sat_patente_aduanal_1203|1203
sat_patente_aduanal_1204|1204
sat_patente_aduanal_1205|1205
sat_patente_aduanal_1206|1206
sat_patente_aduanal_1207|1207
sat_patente_aduanal_1208|1208
sat_patente_aduanal_1209|1209
sat_patente_aduanal_1210|1210
sat_patente_aduanal_1211|1211
sat_patente_aduanal_1212|1212
sat_patente_aduanal_1213|1213
sat_patente_aduanal_1214|1214
sat_patente_aduanal_1215|1215
sat_patente_aduanal_1216|1216
sat_patente_aduanal_1217|1217
sat_patente_aduanal_1218|1218
sat_patente_aduanal_1219|1219
sat_patente_aduanal_1220|1220
sat_patente_aduanal_1221|1221
sat_patente_aduanal_1222|1222
sat_patente_aduanal_1223|1223
sat_patente_aduanal_1224|1224
sat_patente_aduanal_1225|1225
sat_patente_aduanal_1226|1226
sat_patente_aduanal_1227|1227
sat_patente_aduanal_1228|1228
sat_patente_aduanal_1229|1229
sat_patente_aduanal_1230|1230
sat_patente_aduanal_1231|1231
sat_patente_aduanal_1232|1232
sat_patente_aduanal_1233|1233
sat_patente_aduanal_1234|1234
sat_patente_aduanal_1235|1235
sat_patente_aduanal_1236|1236
sat_patente_aduanal_1237|1237
sat_patente_aduanal_1238|1238
sat_patente_aduanal_1239|1239
sat_patente_aduanal_1240|1240
sat_patente_aduanal_1241|1241
sat_patente_aduanal_1242|1242
sat_patente_aduanal_1243|1243
sat_patente_aduanal_1244|1244
sat_patente_aduanal_1245|1245
sat_patente_aduanal_1246|1246
sat_patente_aduanal_1247|1247
sat_patente_aduanal_1248|1248
sat_patente_aduanal_1249|1249
sat_patente_aduanal_1250|1250
sat_patente_aduanal_1251|1251
sat_patente_aduanal_1252|1252
sat_patente_aduanal_1253|1253
sat_patente_aduanal_1254|1254
sat_patente_aduanal_1255|1255
sat_patente_aduanal_1256|1256
sat_patente_aduanal_1257|1257
sat_patente_aduanal_1258|1258
sat_patente_aduanal_1259|1259
sat_patente_aduanal_1260|1260
sat_patente_aduanal_1261|1261
sat_patente_aduanal_1262|1262
sat_patente_aduanal_1263|1263
sat_patente_aduanal_1264|1264
sat_patente_aduanal_1265|1265
sat_patente_aduanal_1266|1266
sat_patente_aduanal_1267|1267
sat_patente_aduanal_1268|1268
sat_patente_aduanal_1269|1269
sat_patente_aduanal_1270|1270
sat_patente_aduanal_1271|1271
sat_patente_aduanal_1272|1272
sat_patente_aduanal_1273|1273
sat_patente_aduanal_1274|1274
sat_patente_aduanal_1275|1275
sat_patente_aduanal_1276|1276
sat_patente_aduanal_1277|1277
sat_patente_aduanal_1278|1278
sat_patente_aduanal_1279|1279
sat_patente_aduanal_1280|1280
sat_patente_aduanal_1281|1281
sat_patente_aduanal_1282|1282
sat_patente_aduanal_1283|1283
sat_patente_aduanal_1284|1284
sat_patente_aduanal_1285|1285
sat_patente_aduanal_1286|1286
sat_patente_aduanal_1287|1287
sat_patente_aduanal_1288|1288
sat_patente_aduanal_1289|1289
sat_patente_aduanal_1290|1290
sat_patente_aduanal_1291|1291
sat_patente_aduanal_1293|1293
sat_patente_aduanal_1294|1294
sat_patente_aduanal_1295|1295
sat_patente_aduanal_1296|1296
sat_patente_aduanal_1297|1297
sat_patente_aduanal_1298|1298
sat_patente_aduanal_1299|1299
sat_patente_aduanal_1300|1300
sat_patente_aduanal_1301|1301
sat_patente_aduanal_1302|1302
sat_patente_aduanal_1303|1303
sat_patente_aduanal_1304|1304
sat_patente_aduanal_1305|1305
sat_patente_aduanal_1306|1306
sat_patente_aduanal_1307|1307
sat_patente_aduanal_1308|1308
sat_patente_aduanal_1309|1309
sat_patente_aduanal_1311|1311
sat_patente_aduanal_1312|1312
sat_patente_aduanal_1313|1313
sat_patente_aduanal_1314|1314
sat_patente_aduanal_1315|1315
sat_patente_aduanal_1316|1316
sat_patente_aduanal_1317|1317
sat_patente_aduanal_1318|1318
sat_patente_aduanal_1319|1319
sat_patente_aduanal_1320|1320
sat_patente_aduanal_1321|1321
sat_patente_aduanal_1322|1322
sat_patente_aduanal_1323|1323
sat_patente_aduanal_1324|1324
sat_patente_aduanal_1325|1325
sat_patente_aduanal_1326|1326
sat_patente_aduanal_1327|1327
sat_patente_aduanal_1328|1328
sat_patente_aduanal_1329|1329
sat_patente_aduanal_1330|1330
sat_patente_aduanal_1331|1331
sat_patente_aduanal_1332|1332
sat_patente_aduanal_1333|1333
sat_patente_aduanal_1334|1334
sat_patente_aduanal_1335|1335
sat_patente_aduanal_1336|1336
sat_patente_aduanal_1337|1337
sat_patente_aduanal_1338|1338
sat_patente_aduanal_1339|1339
sat_patente_aduanal_1340|1340
sat_patente_aduanal_1341|1341
sat_patente_aduanal_1342|1342
sat_patente_aduanal_1343|1343
sat_patente_aduanal_1344|1344
sat_patente_aduanal_1345|1345
sat_patente_aduanal_1346|1346
sat_patente_aduanal_1347|1347
sat_patente_aduanal_1348|1348
sat_patente_aduanal_1349|1349
sat_patente_aduanal_1350|1350
sat_patente_aduanal_1351|1351
sat_patente_aduanal_1352|1352
sat_patente_aduanal_1353|1353
sat_patente_aduanal_1354|1354
sat_patente_aduanal_1355|1355
sat_patente_aduanal_1356|1356
sat_patente_aduanal_1357|1357
sat_patente_aduanal_1358|1358
sat_patente_aduanal_1359|1359
sat_patente_aduanal_1360|1360
sat_patente_aduanal_1361|1361
sat_patente_aduanal_1362|1362
sat_patente_aduanal_1363|1363
sat_patente_aduanal_1364|1364
sat_patente_aduanal_1365|1365
sat_patente_aduanal_1368|1368
sat_patente_aduanal_1369|1369
sat_patente_aduanal_1370|1370
sat_patente_aduanal_1371|1371
sat_patente_aduanal_1372|1372
sat_patente_aduanal_1373|1373
sat_patente_aduanal_1374|1374
sat_patente_aduanal_1375|1375
sat_patente_aduanal_1376|1376
sat_patente_aduanal_1377|1377
sat_patente_aduanal_1378|1378
sat_patente_aduanal_1379|1379
sat_patente_aduanal_1380|1380
sat_patente_aduanal_1381|1381
sat_patente_aduanal_1382|1382
sat_patente_aduanal_1383|1383
sat_patente_aduanal_1384|1384
sat_patente_aduanal_1385|1385
sat_patente_aduanal_1386|1386
sat_patente_aduanal_1387|1387
sat_patente_aduanal_1388|1388
sat_patente_aduanal_1389|1389
sat_patente_aduanal_1390|1390
sat_patente_aduanal_1391|1391
sat_patente_aduanal_1392|1392
sat_patente_aduanal_1393|1393
sat_patente_aduanal_1394|1394
sat_patente_aduanal_1395|1395
sat_patente_aduanal_1396|1396
sat_patente_aduanal_1397|1397
sat_patente_aduanal_1398|1398
sat_patente_aduanal_1399|1399
sat_patente_aduanal_1400|1400
sat_patente_aduanal_1401|1401
sat_patente_aduanal_1402|1402
sat_patente_aduanal_1403|1403
sat_patente_aduanal_1404|1404
sat_patente_aduanal_1405|1405
sat_patente_aduanal_1406|1406
sat_patente_aduanal_1407|1407
sat_patente_aduanal_1408|1408
sat_patente_aduanal_1409|1409
sat_patente_aduanal_1410|1410
sat_patente_aduanal_1411|1411
sat_patente_aduanal_1412|1412
sat_patente_aduanal_1413|1413
sat_patente_aduanal_1414|1414
sat_patente_aduanal_1415|1415
sat_patente_aduanal_1416|1416
sat_patente_aduanal_1417|1417
sat_patente_aduanal_1418|1418
sat_patente_aduanal_1419|1419
sat_patente_aduanal_1420|1420
sat_patente_aduanal_1421|1421
sat_patente_aduanal_1422|1422
sat_patente_aduanal_1423|1423
sat_patente_aduanal_1424|1424
sat_patente_aduanal_1425|1425
sat_patente_aduanal_1426|1426
sat_patente_aduanal_1428|1428
sat_patente_aduanal_1429|1429
sat_patente_aduanal_1430|1430
sat_patente_aduanal_1431|1431
sat_patente_aduanal_1432|1432
sat_patente_aduanal_1433|1433
sat_patente_aduanal_1434|1434
sat_patente_aduanal_1435|1435
sat_patente_aduanal_1436|1436
sat_patente_aduanal_1437|1437
sat_patente_aduanal_1438|1438
sat_patente_aduanal_1439|1439
sat_patente_aduanal_1440|1440
sat_patente_aduanal_1441|1441
sat_patente_aduanal_1442|1442
sat_patente_aduanal_1443|1443
sat_patente_aduanal_1444|1444
sat_patente_aduanal_1445|1445
sat_patente_aduanal_1446|1446
sat_patente_aduanal_1447|1447
sat_patente_aduanal_1448|1448
sat_patente_aduanal_1449|1449
sat_patente_aduanal_1450|1450
sat_patente_aduanal_1451|1451
sat_patente_aduanal_1452|1452
sat_patente_aduanal_1453|1453
sat_patente_aduanal_1454|1454
sat_patente_aduanal_1455|1455
sat_patente_aduanal_1456|1456
sat_patente_aduanal_1457|1457
sat_patente_aduanal_1458|1458
sat_patente_aduanal_1459|1459
sat_patente_aduanal_1460|1460
sat_patente_aduanal_1461|1461
sat_patente_aduanal_1462|1462
sat_patente_aduanal_1463|1463
sat_patente_aduanal_1464|1464
sat_patente_aduanal_1465|1465
sat_patente_aduanal_1466|1466
sat_patente_aduanal_1467|1467
sat_patente_aduanal_1468|1468
sat_patente_aduanal_1469|1469
sat_patente_aduanal_1470|1470
sat_patente_aduanal_1471|1471
sat_patente_aduanal_1472|1472
sat_patente_aduanal_1473|1473
sat_patente_aduanal_1474|1474
sat_patente_aduanal_1475|1475
sat_patente_aduanal_1476|1476
sat_patente_aduanal_1477|1477
sat_patente_aduanal_1478|1478
sat_patente_aduanal_1479|1479
sat_patente_aduanal_1480|1480
sat_patente_aduanal_1481|1481
sat_patente_aduanal_1482|1482
sat_patente_aduanal_1483|1483
sat_patente_aduanal_1484|1484
sat_patente_aduanal_1485|1485
sat_patente_aduanal_1486|1486
sat_patente_aduanal_1487|1487
sat_patente_aduanal_1488|1488
sat_patente_aduanal_1489|1489
sat_patente_aduanal_1490|1490
sat_patente_aduanal_1491|1491
sat_patente_aduanal_1492|1492
sat_patente_aduanal_1493|1493
sat_patente_aduanal_1494|1494
sat_patente_aduanal_1495|1495
sat_patente_aduanal_1496|1496
sat_patente_aduanal_1497|1497
sat_patente_aduanal_1498|1498
sat_patente_aduanal_1499|1499
sat_patente_aduanal_1500|1500
sat_patente_aduanal_1501|1501
sat_patente_aduanal_1502|1502
sat_patente_aduanal_1503|1503
sat_patente_aduanal_1504|1504
sat_patente_aduanal_1505|1505
sat_patente_aduanal_1506|1506
sat_patente_aduanal_1507|1507
sat_patente_aduanal_1508|1508
sat_patente_aduanal_1509|1509
sat_patente_aduanal_1510|1510
sat_patente_aduanal_1511|1511
sat_patente_aduanal_1512|1512
sat_patente_aduanal_1513|1513
sat_patente_aduanal_1514|1514
sat_patente_aduanal_1515|1515
sat_patente_aduanal_1516|1516
sat_patente_aduanal_1517|1517
sat_patente_aduanal_1518|1518
sat_patente_aduanal_1519|1519
sat_patente_aduanal_1520|1520
sat_patente_aduanal_1521|1521
sat_patente_aduanal_1522|1522
sat_patente_aduanal_1523|1523
sat_patente_aduanal_1524|1524
sat_patente_aduanal_1525|1525
sat_patente_aduanal_1526|1526
sat_patente_aduanal_1527|1527
sat_patente_aduanal_1528|1528
sat_patente_aduanal_1529|1529
sat_patente_aduanal_1530|1530
sat_patente_aduanal_1531|1531
sat_patente_aduanal_1532|1532
sat_patente_aduanal_1533|1533
sat_patente_aduanal_1534|1534
sat_patente_aduanal_1535|1535
sat_patente_aduanal_1536|1536
sat_patente_aduanal_1537|1537
sat_patente_aduanal_1538|1538
sat_patente_aduanal_1539|1539
sat_patente_aduanal_1540|1540
sat_patente_aduanal_1541|1541
sat_patente_aduanal_1542|1542
sat_patente_aduanal_1543|1543
sat_patente_aduanal_1544|1544
sat_patente_aduanal_1545|1545
sat_patente_aduanal_1546|1546
sat_patente_aduanal_1547|1547
sat_patente_aduanal_1548|1548
sat_patente_aduanal_1549|1549
sat_patente_aduanal_1550|1550
sat_patente_aduanal_1551|1551
sat_patente_aduanal_1552|1552
sat_patente_aduanal_1553|1553
sat_patente_aduanal_1554|1554
sat_patente_aduanal_1555|1555
sat_patente_aduanal_1556|1556
sat_patente_aduanal_1557|1557
sat_patente_aduanal_1558|1558
sat_patente_aduanal_1559|1559
sat_patente_aduanal_1560|1560
sat_patente_aduanal_1561|1561
sat_patente_aduanal_1562|1562
sat_patente_aduanal_1563|1563
sat_patente_aduanal_1564|1564
sat_patente_aduanal_1565|1565
sat_patente_aduanal_1566|1566
sat_patente_aduanal_1567|1567
sat_patente_aduanal_1568|1568
sat_patente_aduanal_1569|1569
sat_patente_aduanal_1570|1570
sat_patente_aduanal_1571|1571
sat_patente_aduanal_1572|1572
sat_patente_aduanal_1573|1573
sat_patente_aduanal_1574|1574
sat_patente_aduanal_1575|1575
sat_patente_aduanal_1576|1576
sat_patente_aduanal_1577|1577
sat_patente_aduanal_1578|1578
sat_patente_aduanal_1579|1579
sat_patente_aduanal_1580|1580
sat_patente_aduanal_1581|1581
sat_patente_aduanal_1582|1582
sat_patente_aduanal_1583|1583
sat_patente_aduanal_1584|1584
sat_patente_aduanal_1585|1585
sat_patente_aduanal_1586|1586
sat_patente_aduanal_1587|1587
sat_patente_aduanal_1588|1588
sat_patente_aduanal_1589|1589
sat_patente_aduanal_1590|1590
sat_patente_aduanal_1591|1591
sat_patente_aduanal_1592|1592
sat_patente_aduanal_1593|1593
sat_patente_aduanal_1594|1594
sat_patente_aduanal_1595|1595
sat_patente_aduanal_1596|1596
sat_patente_aduanal_1597|1597
sat_patente_aduanal_1598|1598
sat_patente_aduanal_1599|1599
sat_patente_aduanal_1600|1600
sat_patente_aduanal_1601|1601
sat_patente_aduanal_1602|1602
sat_patente_aduanal_1603|1603
sat_patente_aduanal_1604|1604
sat_patente_aduanal_1605|1605
sat_patente_aduanal_1606|1606
sat_patente_aduanal_1607|1607
sat_patente_aduanal_1608|1608
sat_patente_aduanal_1609|1609
sat_patente_aduanal_1610|1610
sat_patente_aduanal_1611|1611
sat_patente_aduanal_1612|1612
sat_patente_aduanal_1613|1613
sat_patente_aduanal_1614|1614
sat_patente_aduanal_1615|1615
sat_patente_aduanal_1616|1616
sat_patente_aduanal_1617|1617
sat_patente_aduanal_1618|1618
sat_patente_aduanal_1619|1619
sat_patente_aduanal_1620|1620
sat_patente_aduanal_1621|1621
sat_patente_aduanal_1622|1622
sat_patente_aduanal_1623|1623
sat_patente_aduanal_1624|1624
sat_patente_aduanal_1625|1625
sat_patente_aduanal_1626|1626
sat_patente_aduanal_1627|1627
sat_patente_aduanal_1628|1628
sat_patente_aduanal_1629|1629
sat_patente_aduanal_1630|1630
sat_patente_aduanal_1631|1631
sat_patente_aduanal_1632|1632
sat_patente_aduanal_1633|1633
sat_patente_aduanal_1634|1634
sat_patente_aduanal_1635|1635
sat_patente_aduanal_1636|1636
sat_patente_aduanal_1637|1637
sat_patente_aduanal_1638|1638
sat_patente_aduanal_1639|1639
sat_patente_aduanal_1640|1640
sat_patente_aduanal_1641|1641
sat_patente_aduanal_1642|1642
sat_patente_aduanal_1643|1643
sat_patente_aduanal_1644|1644
sat_patente_aduanal_1645|1645
sat_patente_aduanal_1646|1646
sat_patente_aduanal_1647|1647
sat_patente_aduanal_1648|1648
sat_patente_aduanal_1649|1649
sat_patente_aduanal_1650|1650
sat_patente_aduanal_1651|1651
sat_patente_aduanal_1652|1652
sat_patente_aduanal_1653|1653
sat_patente_aduanal_1654|1654
sat_patente_aduanal_1655|1655
sat_patente_aduanal_1656|1656
sat_patente_aduanal_1657|1657
sat_patente_aduanal_1658|1658
sat_patente_aduanal_1659|1659
sat_patente_aduanal_1660|1660
sat_patente_aduanal_1661|1661
sat_patente_aduanal_1662|1662
sat_patente_aduanal_1663|1663
sat_patente_aduanal_1664|1664
sat_patente_aduanal_1665|1665
sat_patente_aduanal_1666|1666
sat_patente_aduanal_1667|1667
sat_patente_aduanal_1668|1668
sat_patente_aduanal_1669|1669
sat_patente_aduanal_1670|1670
sat_patente_aduanal_1671|1671
sat_patente_aduanal_1672|1672
sat_patente_aduanal_1673|1673
sat_patente_aduanal_1674|1674
sat_patente_aduanal_1675|1675
sat_patente_aduanal_1676|1676
sat_patente_aduanal_1677|1677
sat_patente_aduanal_1678|1678
sat_patente_aduanal_1679|1679
sat_patente_aduanal_1680|1680
sat_patente_aduanal_1681|1681
sat_patente_aduanal_1682|1682
sat_patente_aduanal_1683|1683
sat_patente_aduanal_1684|1684
sat_patente_aduanal_1685|1685
sat_patente_aduanal_1686|1686
sat_patente_aduanal_1687|1687
sat_patente_aduanal_1688|1688
sat_patente_aduanal_1689|1689
sat_patente_aduanal_1690|1690
sat_patente_aduanal_1691|1691
sat_patente_aduanal_1692|1692
sat_patente_aduanal_1693|1693
sat_patente_aduanal_1694|1694
sat_patente_aduanal_1695|1695
sat_patente_aduanal_1696|1696
sat_patente_aduanal_1697|1697
sat_patente_aduanal_1698|1698
sat_patente_aduanal_1699|1699
sat_patente_aduanal_1700|1700
sat_patente_aduanal_1701|1701
sat_patente_aduanal_1702|1702
sat_patente_aduanal_1703|1703
sat_patente_aduanal_1704|1704
sat_patente_aduanal_1705|1705
sat_patente_aduanal_1706|1706
sat_patente_aduanal_1707|1707
sat_patente_aduanal_1708|1708
sat_patente_aduanal_1709|1709
sat_patente_aduanal_1710|1710
sat_patente_aduanal_1711|1711
sat_patente_aduanal_1712|1712
sat_patente_aduanal_1713|1713
sat_patente_aduanal_1714|1714
sat_patente_aduanal_1715|1715
sat_patente_aduanal_1716|1716
sat_patente_aduanal_1717|1717
sat_patente_aduanal_1718|1718
sat_patente_aduanal_1719|1719
sat_patente_aduanal_1721|1721
sat_patente_aduanal_1724|1724
sat_patente_aduanal_1725|1725
sat_patente_aduanal_1726|1726
sat_patente_aduanal_1727|1727
sat_patente_aduanal_1728|1728
sat_patente_aduanal_1729|1729
sat_patente_aduanal_1730|1730
sat_patente_aduanal_1731|1731
sat_patente_aduanal_1732|1732
sat_patente_aduanal_1733|1733
sat_patente_aduanal_1734|1734
sat_patente_aduanal_1735|1735
sat_patente_aduanal_1737|1737
sat_patente_aduanal_1738|1738
sat_patente_aduanal_1739|1739
sat_patente_aduanal_1740|1740
sat_patente_aduanal_1741|1741
sat_patente_aduanal_1742|1742
sat_patente_aduanal_1743|1743
sat_patente_aduanal_1744|1744
sat_patente_aduanal_1745|1745
sat_patente_aduanal_1746|1746
sat_patente_aduanal_1747|1747
sat_patente_aduanal_1748|1748
sat_patente_aduanal_1749|1749
sat_patente_aduanal_1750|1750
sat_patente_aduanal_1751|1751
sat_patente_aduanal_1752|1752
sat_patente_aduanal_1753|1753
sat_patente_aduanal_1754|1754
sat_patente_aduanal_1755|1755
sat_patente_aduanal_1756|1756
sat_patente_aduanal_1757|1757
sat_patente_aduanal_1758|1758
sat_patente_aduanal_1759|1759
sat_patente_aduanal_1760|1760
sat_patente_aduanal_1761|1761
sat_patente_aduanal_1762|1762
sat_patente_aduanal_1763|1763
sat_patente_aduanal_1764|1764
sat_patente_aduanal_1765|1765
sat_patente_aduanal_1766|1766
sat_patente_aduanal_1767|1767
sat_patente_aduanal_1768|1768
sat_patente_aduanal_1769|1769
sat_patente_aduanal_1770|1770
sat_patente_aduanal_1771|1771
sat_patente_aduanal_1772|1772
sat_patente_aduanal_1773|1773
sat_patente_aduanal_1774|1774
sat_patente_aduanal_1775|1775
sat_patente_aduanal_1776|1776
sat_patente_aduanal_1777|1777
sat_patente_aduanal_1778|1778
sat_patente_aduanal_1779|1779
sat_patente_aduanal_1780|1780
sat_patente_aduanal_1781|1781
sat_patente_aduanal_1782|1782
sat_patente_aduanal_1783|1783
sat_patente_aduanal_1784|1784
sat_patente_aduanal_1785|1785
sat_patente_aduanal_1786|1786
sat_patente_aduanal_1787|1787
sat_patente_aduanal_1788|1788
sat_patente_aduanal_1789|1789
sat_patente_aduanal_1790|1790
sat_patente_aduanal_1791|1791
sat_patente_aduanal_1792|1792
sat_patente_aduanal_1793|1793
sat_patente_aduanal_1794|1794
sat_patente_aduanal_1795|1795
sat_patente_aduanal_1796|1796
sat_patente_aduanal_1797|1797
sat_patente_aduanal_1798|1798
sat_patente_aduanal_1799|1799
sat_patente_aduanal_1800|1800
sat_patente_aduanal_1803|1803
sat_patente_aduanal_1804|1804
sat_patente_aduanal_1805|1805
sat_patente_aduanal_1806|1806
sat_patente_aduanal_1807|1807
sat_patente_aduanal_1812|1812
sat_patente_aduanal_1817|1817
sat_patente_aduanal_1819|1819
sat_patente_aduanal_3001|3001
sat_patente_aduanal_3002|3002
sat_patente_aduanal_3003|3003
sat_patente_aduanal_3005|3005
sat_patente_aduanal_3006|3006
sat_patente_aduanal_3007|3007
sat_patente_aduanal_3008|3008
sat_patente_aduanal_3009|3009
sat_patente_aduanal_3010|3010
sat_patente_aduanal_3011|3011
sat_patente_aduanal_3012|3012
sat_patente_aduanal_3013|3013
sat_patente_aduanal_3014|3014
sat_patente_aduanal_3015|3015
sat_patente_aduanal_3016|3016
sat_patente_aduanal_3017|3017
sat_patente_aduanal_3018|3018
sat_patente_aduanal_3019|3019
sat_patente_aduanal_3020|3020
sat_patente_aduanal_3021|3021
sat_patente_aduanal_3022|3022
sat_patente_aduanal_3023|3023
sat_patente_aduanal_3024|3024
sat_patente_aduanal_3025|3025
sat_patente_aduanal_3026|3026
sat_patente_aduanal_3027|3027
sat_patente_aduanal_3028|3028
sat_patente_aduanal_3029|3029
sat_patente_aduanal_3030|3030
sat_patente_aduanal_3031|3031
sat_patente_aduanal_3032|3032
sat_patente_aduanal_3033|3033
sat_patente_aduanal_3034|3034
sat_patente_aduanal_3035|3035
sat_patente_aduanal_3036|3036
sat_patente_aduanal_3037|3037
sat_patente_aduanal_3038|3038
sat_patente_aduanal_3039|3039
sat_patente_aduanal_3040|3040
sat_patente_aduanal_3041|3041
sat_patente_aduanal_3042|3042
sat_patente_aduanal_3043|3043
sat_patente_aduanal_3044|3044
sat_patente_aduanal_3046|3046
sat_patente_aduanal_3047|3047
sat_patente_aduanal_3048|3048
sat_patente_aduanal_3049|3049
sat_patente_aduanal_3050|3050
sat_patente_aduanal_3051|3051
sat_patente_aduanal_3052|3052
sat_patente_aduanal_3053|3053
sat_patente_aduanal_3055|3055
sat_patente_aduanal_3057|3057
sat_patente_aduanal_3060|3060
sat_patente_aduanal_3061|3061
sat_patente_aduanal_3062|3062
sat_patente_aduanal_3063|3063
sat_patente_aduanal_3064|3064
sat_patente_aduanal_3065|3065
sat_patente_aduanal_3066|3066
sat_patente_aduanal_3067|3067
sat_patente_aduanal_3068|3068
sat_patente_aduanal_3069|3069
sat_patente_aduanal_3070|3070
sat_patente_aduanal_3071|3071
sat_patente_aduanal_3072|3072
sat_patente_aduanal_3073|3073
sat_patente_aduanal_3074|3074
sat_patente_aduanal_3075|3075
sat_patente_aduanal_3076|3076
sat_patente_aduanal_3077|3077
sat_patente_aduanal_3078|3078
sat_patente_aduanal_3079|3079
sat_patente_aduanal_3080|3080
sat_patente_aduanal_3081|3081
sat_patente_aduanal_3082|3082
sat_patente_aduanal_3083|3083
sat_patente_aduanal_3084|3084
sat_patente_aduanal_3085|3085
sat_patente_aduanal_3086|3086
sat_patente_aduanal_3087|3087
sat_patente_aduanal_3088|3088
sat_patente_aduanal_3089|3089
sat_patente_aduanal_3090|3090
sat_patente_aduanal_3091|3091
sat_patente_aduanal_3092|3092
sat_patente_aduanal_3093|3093
sat_patente_aduanal_3094|3094
sat_patente_aduanal_3095|3095
sat_patente_aduanal_3096|3096
sat_patente_aduanal_3097|3097
sat_patente_aduanal_3098|3098
sat_patente_aduanal_3099|3099
sat_patente_aduanal_3100|3100
sat_patente_aduanal_3101|3101
sat_patente_aduanal_3102|3102
sat_patente_aduanal_3103|3103
sat_patente_aduanal_3104|3104
sat_patente_aduanal_3105|3105
sat_patente_aduanal_3106|3106
sat_patente_aduanal_3107|3107
sat_patente_aduanal_3108|3108
sat_patente_aduanal_3109|3109
sat_patente_aduanal_3110|3110
sat_patente_aduanal_3111|3111
sat_patente_aduanal_3112|3112
sat_patente_aduanal_3114|3114
sat_patente_aduanal_3115|3115
sat_patente_aduanal_3116|3116
sat_patente_aduanal_3117|3117
sat_patente_aduanal_3118|3118
sat_patente_aduanal_3119|3119
sat_patente_aduanal_3120|3120
sat_patente_aduanal_3121|3121
sat_patente_aduanal_3122|3122
sat_patente_aduanal_3123|3123
sat_patente_aduanal_3124|3124
sat_patente_aduanal_3125|3125
sat_patente_aduanal_3126|3126
sat_patente_aduanal_3127|3127
sat_patente_aduanal_3128|3128
sat_patente_aduanal_3129|3129
sat_patente_aduanal_3130|3130
sat_patente_aduanal_3131|3131
sat_patente_aduanal_3132|3132
sat_patente_aduanal_3133|3133
sat_patente_aduanal_3134|3134
sat_patente_aduanal_3135|3135
sat_patente_aduanal_3136|3136
sat_patente_aduanal_3137|3137
sat_patente_aduanal_3138|3138
sat_patente_aduanal_3139|3139
sat_patente_aduanal_3140|3140
sat_patente_aduanal_3141|3141
sat_patente_aduanal_3142|3142
sat_patente_aduanal_3143|3143
sat_patente_aduanal_3144|3144
sat_patente_aduanal_3145|3145
sat_patente_aduanal_3146|3146
sat_patente_aduanal_3147|3147
sat_patente_aduanal_3148|3148
sat_patente_aduanal_3149|3149
sat_patente_aduanal_3151|3151
sat_patente_aduanal_3152|3152
sat_patente_aduanal_3153|3153
sat_patente_aduanal_3154|3154
sat_patente_aduanal_3155|3155
sat_patente_aduanal_3156|3156
sat_patente_aduanal_3157|3157
sat_patente_aduanal_3158|3158
sat_patente_aduanal_3159|3159
sat_patente_aduanal_3160|3160
sat_patente_aduanal_3162|3162
sat_patente_aduanal_3163|3163
sat_patente_aduanal_3164|3164
sat_patente_aduanal_3165|3165
sat_patente_aduanal_3166|3166
sat_patente_aduanal_3167|3167
sat_patente_aduanal_3168|3168
sat_patente_aduanal_3169|3169
sat_patente_aduanal_3170|3170
sat_patente_aduanal_3171|3171
sat_patente_aduanal_3172|3172
sat_patente_aduanal_3173|3173
sat_patente_aduanal_3174|3174
sat_patente_aduanal_3175|3175
sat_patente_aduanal_3176|3176
sat_patente_aduanal_3177|3177
sat_patente_aduanal_3178|3178
sat_patente_aduanal_3179|3179
sat_patente_aduanal_3180|3180
sat_patente_aduanal_3182|3182
sat_patente_aduanal_3183|3183
sat_patente_aduanal_3184|3184
sat_patente_aduanal_3185|3185
sat_patente_aduanal_3186|3186
sat_patente_aduanal_3187|3187
sat_patente_aduanal_3188|3188
sat_patente_aduanal_3189|3189
sat_patente_aduanal_3190|3190
sat_patente_aduanal_3191|3191
sat_patente_aduanal_3192|3192
sat_patente_aduanal_3193|3193
sat_patente_aduanal_3194|3194
sat_patente_aduanal_3195|3195
sat_patente_aduanal_3197|3197
sat_patente_aduanal_3198|3198
sat_patente_aduanal_3199|3199
sat_patente_aduanal_3200|3200
sat_patente_aduanal_3201|3201
sat_patente_aduanal_3202|3202
sat_patente_aduanal_3203|3203
sat_patente_aduanal_3204|3204
sat_patente_aduanal_3205|3205
sat_patente_aduanal_3206|3206
sat_patente_aduanal_3207|3207
sat_patente_aduanal_3208|3208
sat_patente_aduanal_3209|3209
sat_patente_aduanal_3210|3210
sat_patente_aduanal_3211|3211
sat_patente_aduanal_3212|3212
sat_patente_aduanal_3213|3213
sat_patente_aduanal_3214|3214
sat_patente_aduanal_3215|3215
sat_patente_aduanal_3216|3216
sat_patente_aduanal_3217|3217
sat_patente_aduanal_3218|3218
sat_patente_aduanal_3219|3219
sat_patente_aduanal_3220|3220
sat_patente_aduanal_3221|3221
sat_patente_aduanal_3222|3222
sat_patente_aduanal_3223|3223
sat_patente_aduanal_3224|3224
sat_patente_aduanal_3226|3226
sat_patente_aduanal_3227|3227
sat_patente_aduanal_3229|3229
sat_patente_aduanal_3230|3230
sat_patente_aduanal_3231|3231
sat_patente_aduanal_3232|3232
sat_patente_aduanal_3233|3233
sat_patente_aduanal_3234|3234
sat_patente_aduanal_3235|3235
sat_patente_aduanal_3236|3236
sat_patente_aduanal_3237|3237
sat_patente_aduanal_3238|3238
sat_patente_aduanal_3240|3240
sat_patente_aduanal_3241|3241
sat_patente_aduanal_3242|3242
sat_patente_aduanal_3244|3244
sat_patente_aduanal_3245|3245
sat_patente_aduanal_3246|3246
sat_patente_aduanal_3247|3247
sat_patente_aduanal_3248|3248
sat_patente_aduanal_3249|3249
sat_patente_aduanal_3250|3250
sat_patente_aduanal_3251|3251
sat_patente_aduanal_3252|3252
sat_patente_aduanal_3253|3253
sat_patente_aduanal_3254|3254
sat_patente_aduanal_3255|3255
sat_patente_aduanal_3256|3256
sat_patente_aduanal_3257|3257
sat_patente_aduanal_3258|3258
sat_patente_aduanal_3259|3259
sat_patente_aduanal_3260|3260
sat_patente_aduanal_3262|3262
sat_patente_aduanal_3263|3263
sat_patente_aduanal_3264|3264
sat_patente_aduanal_3265|3265
sat_patente_aduanal_3266|3266
sat_patente_aduanal_3267|3267
sat_patente_aduanal_3268|3268
sat_patente_aduanal_3269|3269
sat_patente_aduanal_3270|3270
sat_patente_aduanal_3271|3271
sat_patente_aduanal_3272|3272
sat_patente_aduanal_3273|3273
sat_patente_aduanal_3274|3274
sat_patente_aduanal_3275|3275
sat_patente_aduanal_3276|3276
sat_patente_aduanal_3277|3277
sat_patente_aduanal_3278|3278
sat_patente_aduanal_3279|3279
sat_patente_aduanal_3280|3280
sat_patente_aduanal_3281|3281
sat_patente_aduanal_3283|3283
sat_patente_aduanal_3284|3284
sat_patente_aduanal_3285|3285
sat_patente_aduanal_3286|3286
sat_patente_aduanal_3287|3287
sat_patente_aduanal_3288|3288
sat_patente_aduanal_3289|3289
sat_patente_aduanal_3290|3290
sat_patente_aduanal_3291|3291
sat_patente_aduanal_3292|3292
sat_patente_aduanal_3293|3293
sat_patente_aduanal_3294|3294
sat_patente_aduanal_3295|3295
sat_patente_aduanal_3296|3296
sat_patente_aduanal_3297|3297
sat_patente_aduanal_3298|3298
sat_patente_aduanal_3299|3299
sat_patente_aduanal_3300|3300
sat_patente_aduanal_3301|3301
sat_patente_aduanal_3302|3302
sat_patente_aduanal_3303|3303
sat_patente_aduanal_3305|3305
sat_patente_aduanal_3306|3306
sat_patente_aduanal_3308|3308
sat_patente_aduanal_3309|3309
sat_patente_aduanal_3311|3311
sat_patente_aduanal_3312|3312
sat_patente_aduanal_3313|3313
sat_patente_aduanal_3314|3314
sat_patente_aduanal_3315|3315
sat_patente_aduanal_3316|3316
sat_patente_aduanal_3317|3317
sat_patente_aduanal_3319|3319
sat_patente_aduanal_3320|3320
sat_patente_aduanal_3321|3321
sat_patente_aduanal_3322|3322
sat_patente_aduanal_3323|3323
sat_patente_aduanal_3324|3324
sat_patente_aduanal_3325|3325
sat_patente_aduanal_3326|3326
sat_patente_aduanal_3327|3327
sat_patente_aduanal_3328|3328
sat_patente_aduanal_3329|3329
sat_patente_aduanal_3330|3330
sat_patente_aduanal_3331|3331
sat_patente_aduanal_3332|3332
sat_patente_aduanal_3333|3333
sat_patente_aduanal_3334|3334
sat_patente_aduanal_3335|3335
sat_patente_aduanal_3336|3336
sat_patente_aduanal_3337|3337
sat_patente_aduanal_3338|3338
sat_patente_aduanal_3339|3339
sat_patente_aduanal_3340|3340
sat_patente_aduanal_3341|3341
sat_patente_aduanal_3342|3342
sat_patente_aduanal_3343|3343
sat_patente_aduanal_3344|3344
sat_patente_aduanal_3345|3345
sat_patente_aduanal_3346|3346
sat_patente_aduanal_3347|3347
sat_patente_aduanal_3348|3348
sat_patente_aduanal_3349|3349
sat_patente_aduanal_3351|3351
sat_patente_aduanal_3353|3353
sat_patente_aduanal_3354|3354
sat_patente_aduanal_3355|3355
sat_patente_aduanal_3356|3356
sat_patente_aduanal_3357|3357
sat_patente_aduanal_3358|3358
sat_patente_aduanal_3359|3359
sat_patente_aduanal_3360|3360
sat_patente_aduanal_3361|3361
sat_patente_aduanal_3362|3362
sat_patente_aduanal_3363|3363
sat_patente_aduanal_3364|3364
sat_patente_aduanal_3365|3365
sat_patente_aduanal_3366|3366
sat_patente_aduanal_3368|3368
sat_patente_aduanal_3369|3369
sat_patente_aduanal_3370|3370
sat_patente_aduanal_3371|3371
sat_patente_aduanal_3372|3372
sat_patente_aduanal_3373|3373
sat_patente_aduanal_3374|3374
sat_patente_aduanal_3375|3375
sat_patente_aduanal_3376|3376
sat_patente_aduanal_3377|3377
sat_patente_aduanal_3378|3378
sat_patente_aduanal_3379|3379
sat_patente_aduanal_3381|3381
sat_patente_aduanal_3382|3382
sat_patente_aduanal_3383|3383
sat_patente_aduanal_3384|3384
sat_patente_aduanal_3385|3385
sat_patente_aduanal_3386|3386
sat_patente_aduanal_3387|3387
sat_patente_aduanal_3389|3389
sat_patente_aduanal_3390|3390
sat_patente_aduanal_3391|3391
sat_patente_aduanal_3392|3392
sat_patente_aduanal_3393|3393
sat_patente_aduanal_3394|3394
sat_patente_aduanal_3395|3395
sat_patente_aduanal_3396|3396
sat_patente_aduanal_3397|3397
sat_patente_aduanal_3398|3398
sat_patente_aduanal_3399|3399
sat_patente_aduanal_3400|3400
sat_patente_aduanal_3402|3402
sat_patente_aduanal_3403|3403
sat_patente_aduanal_3404|3404
sat_patente_aduanal_3405|3405
sat_patente_aduanal_3406|3406
sat_patente_aduanal_3407|3407
sat_patente_aduanal_3408|3408
sat_patente_aduanal_3409|3409
sat_patente_aduanal_3410|3410
sat_patente_aduanal_3411|3411
sat_patente_aduanal_3412|3412
sat_patente_aduanal_3413|3413
sat_patente_aduanal_3414|3414
sat_patente_aduanal_3415|3415
sat_patente_aduanal_3416|3416
sat_patente_aduanal_3417|3417
sat_patente_aduanal_3418|3418
sat_patente_aduanal_3419|3419
sat_patente_aduanal_3420|3420
sat_patente_aduanal_3421|3421
sat_patente_aduanal_3422|3422
sat_patente_aduanal_3423|3423
sat_patente_aduanal_3424|3424
sat_patente_aduanal_3425|3425
sat_patente_aduanal_3426|3426
sat_patente_aduanal_3428|3428
sat_patente_aduanal_3429|3429
sat_patente_aduanal_3430|3430
sat_patente_aduanal_3431|3431
sat_patente_aduanal_3432|3432
sat_patente_aduanal_3433|3433
sat_patente_aduanal_3434|3434
sat_patente_aduanal_3435|3435
sat_patente_aduanal_3436|3436
sat_patente_aduanal_3437|3437
sat_patente_aduanal_3438|3438
sat_patente_aduanal_3439|3439
sat_patente_aduanal_3440|3440
sat_patente_aduanal_3441|3441
sat_patente_aduanal_3442|3442
sat_patente_aduanal_3444|3444
sat_patente_aduanal_3445|3445
sat_patente_aduanal_3446|3446
sat_patente_aduanal_3447|3447
sat_patente_aduanal_3448|3448
sat_patente_aduanal_3449|3449
sat_patente_aduanal_3450|3450
sat_patente_aduanal_3451|3451
sat_patente_aduanal_3452|3452
sat_patente_aduanal_3453|3453
sat_patente_aduanal_3454|3454
sat_patente_aduanal_3455|3455
sat_patente_aduanal_3456|3456
sat_patente_aduanal_3457|3457
sat_patente_aduanal_3458|3458
sat_patente_aduanal_3459|3459
sat_patente_aduanal_3460|3460
sat_patente_aduanal_3461|3461
sat_patente_aduanal_3462|3462
sat_patente_aduanal_3463|3463
sat_patente_aduanal_3464|3464
sat_patente_aduanal_3465|3465
sat_patente_aduanal_3466|3466
sat_patente_aduanal_3467|3467
sat_patente_aduanal_3468|3468
sat_patente_aduanal_3469|3469
sat_patente_aduanal_3470|3470
sat_patente_aduanal_3471|3471
sat_patente_aduanal_3472|3472
sat_patente_aduanal_3473|3473
sat_patente_aduanal_3474|3474
sat_patente_aduanal_3475|3475
sat_patente_aduanal_3476|3476
sat_patente_aduanal_3477|3477
sat_patente_aduanal_3478|3478
sat_patente_aduanal_3479|3479
sat_patente_aduanal_3480|3480
sat_patente_aduanal_3481|3481
sat_patente_aduanal_3482|3482
sat_patente_aduanal_3483|3483
sat_patente_aduanal_3484|3484
sat_patente_aduanal_3485|3485
sat_patente_aduanal_3486|3486
sat_patente_aduanal_3487|3487
sat_patente_aduanal_3488|3488
sat_patente_aduanal_3489|3489
sat_patente_aduanal_3490|3490
sat_patente_aduanal_3491|3491
sat_patente_aduanal_3492|3492
sat_patente_aduanal_3493|3493
sat_patente_aduanal_3494|3494
sat_patente_aduanal_3495|3495
sat_patente_aduanal_3496|3496
sat_patente_aduanal_3497|3497
sat_patente_aduanal_3498|3498
sat_patente_aduanal_3499|3499
sat_patente_aduanal_3500|3500
sat_patente_aduanal_3501|3501
sat_patente_aduanal_3502|3502
sat_patente_aduanal_3503|3503
sat_patente_aduanal_3504|3504
sat_patente_aduanal_3505|3505
sat_patente_aduanal_3506|3506
sat_patente_aduanal_3508|3508
sat_patente_aduanal_3509|3509
sat_patente_aduanal_3510|3510
sat_patente_aduanal_3511|3511
sat_patente_aduanal_3512|3512
sat_patente_aduanal_3513|3513
sat_patente_aduanal_3514|3514
sat_patente_aduanal_3515|3515
sat_patente_aduanal_3516|3516
sat_patente_aduanal_3517|3517
sat_patente_aduanal_3518|3518
sat_patente_aduanal_3519|3519
sat_patente_aduanal_3520|3520
sat_patente_aduanal_3521|3521
sat_patente_aduanal_3522|3522
sat_patente_aduanal_3524|3524
sat_patente_aduanal_3525|3525
sat_patente_aduanal_3526|3526
sat_patente_aduanal_3527|3527
sat_patente_aduanal_3528|3528
sat_patente_aduanal_3529|3529
sat_patente_aduanal_3530|3530
sat_patente_aduanal_3532|3532
sat_patente_aduanal_3533|3533
sat_patente_aduanal_3535|3535
sat_patente_aduanal_3536|3536
sat_patente_aduanal_3537|3537
sat_patente_aduanal_3538|3538
sat_patente_aduanal_3539|3539
sat_patente_aduanal_3540|3540
sat_patente_aduanal_3541|3541
sat_patente_aduanal_3542|3542
sat_patente_aduanal_3543|3543
sat_patente_aduanal_3544|3544
sat_patente_aduanal_3545|3545
sat_patente_aduanal_3546|3546
sat_patente_aduanal_3547|3547
sat_patente_aduanal_3549|3549
sat_patente_aduanal_3550|3550
sat_patente_aduanal_3551|3551
sat_patente_aduanal_3552|3552
sat_patente_aduanal_3553|3553
sat_patente_aduanal_3554|3554
sat_patente_aduanal_3555|3555
sat_patente_aduanal_3556|3556
sat_patente_aduanal_3557|3557
sat_patente_aduanal_3558|3558
sat_patente_aduanal_3559|3559
sat_patente_aduanal_3560|3560
sat_patente_aduanal_3561|3561
sat_patente_aduanal_3562|3562
sat_patente_aduanal_3563|3563
sat_patente_aduanal_3564|3564
sat_patente_aduanal_3565|3565
sat_patente_aduanal_3566|3566
sat_patente_aduanal_3567|3567
sat_patente_aduanal_3568|3568
sat_patente_aduanal_3569|3569
sat_patente_aduanal_3570|3570
sat_patente_aduanal_3571|3571
sat_patente_aduanal_3573|3573
sat_patente_aduanal_3574|3574
sat_patente_aduanal_3575|3575
sat_patente_aduanal_3576|3576
sat_patente_aduanal_3577|3577
sat_patente_aduanal_3578|3578
sat_patente_aduanal_3579|3579
sat_patente_aduanal_3580|3580
sat_patente_aduanal_3581|3581
sat_patente_aduanal_3582|3582
sat_patente_aduanal_3583|3583
sat_patente_aduanal_3584|3584
sat_patente_aduanal_3585|3585
sat_patente_aduanal_3586|3586
sat_patente_aduanal_3587|3587
sat_patente_aduanal_3588|3588
sat_patente_aduanal_3589|3589
sat_patente_aduanal_3590|3590
sat_patente_aduanal_3591|3591
sat_patente_aduanal_3592|3592
sat_patente_aduanal_3593|3593
sat_patente_aduanal_3594|3594
sat_patente_aduanal_3595|3595
sat_patente_aduanal_3596|3596
sat_patente_aduanal_3597|3597
sat_patente_aduanal_3598|3598
sat_patente_aduanal_3599|3599
sat_patente_aduanal_3600|3600
sat_patente_aduanal_3601|3601
sat_patente_aduanal_3602|3602
sat_patente_aduanal_3603|3603
sat_patente_aduanal_3604|3604
sat_patente_aduanal_3605|3605
sat_patente_aduanal_3606|3606
sat_patente_aduanal_3607|3607
sat_patente_aduanal_3608|3608
sat_patente_aduanal_3609|3609
sat_patente_aduanal_3610|3610
sat_patente_aduanal_3611|3611
sat_patente_aduanal_3612|3612
sat_patente_aduanal_3613|3613
sat_patente_aduanal_3614|3614
sat_patente_aduanal_3615|3615
sat_patente_aduanal_3616|3616
sat_patente_aduanal_3617|3617
sat_patente_aduanal_3618|3618
sat_patente_aduanal_3619|3619
sat_patente_aduanal_3620|3620
sat_patente_aduanal_3621|3621
sat_patente_aduanal_3622|3622
sat_patente_aduanal_3623|3623
sat_patente_aduanal_3624|3624
sat_patente_aduanal_3625|3625
sat_patente_aduanal_3626|3626
sat_patente_aduanal_3627|3627
sat_patente_aduanal_3628|3628
sat_patente_aduanal_3629|3629
sat_patente_aduanal_3630|3630
sat_patente_aduanal_3631|3631
sat_patente_aduanal_3632|3632
sat_patente_aduanal_3633|3633
sat_patente_aduanal_3634|3634
sat_patente_aduanal_3635|3635
sat_patente_aduanal_3636|3636
sat_patente_aduanal_3637|3637
sat_patente_aduanal_3638|3638
sat_patente_aduanal_3639|3639
sat_patente_aduanal_3640|3640
sat_patente_aduanal_3642|3642
sat_patente_aduanal_3643|3643
sat_patente_aduanal_3644|3644
sat_patente_aduanal_3645|3645
sat_patente_aduanal_3646|3646
sat_patente_aduanal_3647|3647
sat_patente_aduanal_3648|3648
sat_patente_aduanal_3649|3649
sat_patente_aduanal_3650|3650
sat_patente_aduanal_3651|3651
sat_patente_aduanal_3652|3652
sat_patente_aduanal_3653|3653
sat_patente_aduanal_3654|3654
sat_patente_aduanal_3655|3655
sat_patente_aduanal_3656|3656
sat_patente_aduanal_3657|3657
sat_patente_aduanal_3658|3658
sat_patente_aduanal_3659|3659
sat_patente_aduanal_3660|3660
sat_patente_aduanal_3661|3661
sat_patente_aduanal_3662|3662
sat_patente_aduanal_3663|3663
sat_patente_aduanal_3664|3664
sat_patente_aduanal_3665|3665
sat_patente_aduanal_3666|3666
sat_patente_aduanal_3667|3667
sat_patente_aduanal_3668|3668
sat_patente_aduanal_3669|3669
sat_patente_aduanal_3670|3670
sat_patente_aduanal_3671|3671
sat_patente_aduanal_3672|3672
sat_patente_aduanal_3673|3673
sat_patente_aduanal_3674|3674
sat_patente_aduanal_3675|3675
sat_patente_aduanal_3676|3676
sat_patente_aduanal_3677|3677
sat_patente_aduanal_3678|3678
sat_patente_aduanal_3679|3679
sat_patente_aduanal_3680|3680
sat_patente_aduanal_3681|3681
sat_patente_aduanal_3682|3682
sat_patente_aduanal_3683|3683
sat_patente_aduanal_3684|3684
sat_patente_aduanal_3685|3685
sat_patente_aduanal_3686|3686
sat_patente_aduanal_3687|3687
sat_patente_aduanal_3688|3688
sat_patente_aduanal_3689|3689
sat_patente_aduanal_3690|3690
sat_patente_aduanal_3691|3691
sat_patente_aduanal_3692|3692
sat_patente_aduanal_3693|3693
sat_patente_aduanal_3694|3694
sat_patente_aduanal_3695|3695
sat_patente_aduanal_3696|3696
sat_patente_aduanal_3697|3697
sat_patente_aduanal_3698|3698
sat_patente_aduanal_3699|3699
sat_patente_aduanal_3700|3700
sat_patente_aduanal_3701|3701
sat_patente_aduanal_3702|3702
sat_patente_aduanal_3703|3703
sat_patente_aduanal_3704|3704
sat_patente_aduanal_3705|3705
sat_patente_aduanal_3706|3706
sat_patente_aduanal_3707|3707
sat_patente_aduanal_3708|3708
sat_patente_aduanal_3709|3709
sat_patente_aduanal_3710|3710
sat_patente_aduanal_3711|3711
sat_patente_aduanal_3712|3712
sat_patente_aduanal_3713|3713
sat_patente_aduanal_3714|3714
sat_patente_aduanal_3715|3715
sat_patente_aduanal_3716|3716
sat_patente_aduanal_3717|3717
sat_patente_aduanal_3718|3718
sat_patente_aduanal_3719|3719
sat_patente_aduanal_3720|3720
sat_patente_aduanal_3721|3721
sat_patente_aduanal_3722|3722
sat_patente_aduanal_3723|3723
sat_patente_aduanal_3724|3724
sat_patente_aduanal_3725|3725
sat_patente_aduanal_3726|3726
sat_patente_aduanal_3727|3727
sat_patente_aduanal_3728|3728
sat_patente_aduanal_3729|3729
sat_patente_aduanal_3730|3730
sat_patente_aduanal_3731|3731
sat_patente_aduanal_3732|3732
sat_patente_aduanal_3733|3733
sat_patente_aduanal_3734|3734
sat_patente_aduanal_3735|3735
sat_patente_aduanal_3736|3736
sat_patente_aduanal_3737|3737
sat_patente_aduanal_3738|3738
sat_patente_aduanal_3739|3739
sat_patente_aduanal_3740|3740
sat_patente_aduanal_3741|3741
sat_patente_aduanal_3742|3742
sat_patente_aduanal_3743|3743
sat_patente_aduanal_3744|3744
sat_patente_aduanal_3746|3746
sat_patente_aduanal_3747|3747
sat_patente_aduanal_3748|3748
sat_patente_aduanal_3749|3749
sat_patente_aduanal_3750|3750
sat_patente_aduanal_3751|3751
sat_patente_aduanal_3752|3752
sat_patente_aduanal_3753|3753
sat_patente_aduanal_3754|3754
sat_patente_aduanal_3755|3755
sat_patente_aduanal_3756|3756
sat_patente_aduanal_3757|3757
sat_patente_aduanal_3758|3758
sat_patente_aduanal_3759|3759
sat_patente_aduanal_3760|3760
sat_patente_aduanal_3761|3761
sat_patente_aduanal_3762|3762
sat_patente_aduanal_3763|3763
sat_patente_aduanal_3764|3764
sat_patente_aduanal_3765|3765
sat_patente_aduanal_3766|3766
sat_patente_aduanal_3767|3767
sat_patente_aduanal_3769|3769
sat_patente_aduanal_3770|3770
sat_patente_aduanal_3771|3771
sat_patente_aduanal_3772|3772
sat_patente_aduanal_3773|3773
sat_patente_aduanal_3774|3774
sat_patente_aduanal_3775|3775
sat_patente_aduanal_3776|3776
sat_patente_aduanal_3777|3777
sat_patente_aduanal_3778|3778
sat_patente_aduanal_3779|3779
sat_patente_aduanal_3780|3780
sat_patente_aduanal_3781|3781
sat_patente_aduanal_3783|3783
sat_patente_aduanal_3784|3784
sat_patente_aduanal_3785|3785
sat_patente_aduanal_3786|3786
sat_patente_aduanal_3787|3787
sat_patente_aduanal_3788|3788
sat_patente_aduanal_3789|3789
sat_patente_aduanal_3790|3790
sat_patente_aduanal_3791|3791
sat_patente_aduanal_3792|3792
sat_patente_aduanal_3793|3793
sat_patente_aduanal_3794|3794
sat_patente_aduanal_3795|3795
sat_patente_aduanal_3796|3796
sat_patente_aduanal_3797|3797
sat_patente_aduanal_3799|3799
sat_patente_aduanal_3800|3800
sat_patente_aduanal_3801|3801
sat_patente_aduanal_3802|3802
sat_patente_aduanal_3803|3803
sat_patente_aduanal_3804|3804
sat_patente_aduanal_3805|3805
sat_patente_aduanal_3806|3806
sat_patente_aduanal_3807|3807
sat_patente_aduanal_3808|3808
sat_patente_aduanal_3809|3809
sat_patente_aduanal_3810|3810
sat_patente_aduanal_3811|3811
sat_patente_aduanal_3812|3812
sat_patente_aduanal_3813|3813
sat_patente_aduanal_3814|3814
sat_patente_aduanal_3815|3815
sat_patente_aduanal_3816|3816
sat_patente_aduanal_3817|3817
sat_patente_aduanal_3818|3818
sat_patente_aduanal_3819|3819
sat_patente_aduanal_3820|3820
sat_patente_aduanal_3821|3821
sat_patente_aduanal_3822|3822
sat_patente_aduanal_3823|3823
sat_patente_aduanal_3824|3824
sat_patente_aduanal_3825|3825
sat_patente_aduanal_3826|3826
sat_patente_aduanal_3827|3827
sat_patente_aduanal_3828|3828
sat_patente_aduanal_3829|3829
sat_patente_aduanal_3830|3830
sat_patente_aduanal_3831|3831
sat_patente_aduanal_3832|3832
sat_patente_aduanal_3833|3833
sat_patente_aduanal_3834|3834
sat_patente_aduanal_3835|3835
sat_patente_aduanal_3836|3836
sat_patente_aduanal_3837|3837
sat_patente_aduanal_3838|3838
sat_patente_aduanal_3839|3839
sat_patente_aduanal_3840|3840
sat_patente_aduanal_3841|3841
sat_patente_aduanal_3842|3842
sat_patente_aduanal_3843|3843
sat_patente_aduanal_3844|3844
sat_patente_aduanal_3845|3845
sat_patente_aduanal_3846|3846
sat_patente_aduanal_3847|3847
sat_patente_aduanal_3848|3848
sat_patente_aduanal_3849|3849
sat_patente_aduanal_3850|3850
sat_patente_aduanal_3851|3851
sat_patente_aduanal_3852|3852
sat_patente_aduanal_3853|3853
sat_patente_aduanal_3854|3854
sat_patente_aduanal_3855|3855
sat_patente_aduanal_3856|3856
sat_patente_aduanal_3857|3857
sat_patente_aduanal_3858|3858
sat_patente_aduanal_3859|3859
sat_patente_aduanal_3860|3860
sat_patente_aduanal_3861|3861
sat_patente_aduanal_3862|3862
sat_patente_aduanal_3863|3863
sat_patente_aduanal_3864|3864
sat_patente_aduanal_3865|3865
sat_patente_aduanal_3866|3866
sat_patente_aduanal_3867|3867
sat_patente_aduanal_3868|3868
sat_patente_aduanal_3869|3869
sat_patente_aduanal_3870|3870
sat_patente_aduanal_3871|3871
sat_patente_aduanal_3872|3872
sat_patente_aduanal_3873|3873
sat_patente_aduanal_3874|3874
sat_patente_aduanal_3875|3875
sat_patente_aduanal_3876|3876
sat_patente_aduanal_3877|3877
sat_patente_aduanal_3878|3878
sat_patente_aduanal_3879|3879
sat_patente_aduanal_3880|3880
sat_patente_aduanal_3881|3881
sat_patente_aduanal_3882|3882
sat_patente_aduanal_3883|3883
sat_patente_aduanal_3884|3884
sat_patente_aduanal_3885|3885
sat_patente_aduanal_3886|3886
sat_patente_aduanal_3887|3887
sat_patente_aduanal_3888|3888
sat_patente_aduanal_3889|3889
sat_patente_aduanal_3890|3890
sat_patente_aduanal_3891|3891
sat_patente_aduanal_3892|3892
sat_patente_aduanal_3893|3893
sat_patente_aduanal_3894|3894
sat_patente_aduanal_3895|3895
sat_patente_aduanal_3896|3896
sat_patente_aduanal_3897|3897
sat_patente_aduanal_3898|3898
sat_patente_aduanal_3899|3899
sat_patente_aduanal_3900|3900
sat_patente_aduanal_3901|3901
sat_patente_aduanal_3902|3902
sat_patente_aduanal_3903|3903
sat_patente_aduanal_3904|3904
sat_patente_aduanal_3905|3905
sat_patente_aduanal_3906|3906
sat_patente_aduanal_3907|3907
sat_patente_aduanal_3908|3908
sat_patente_aduanal_3909|3909
sat_patente_aduanal_3910|3910
sat_patente_aduanal_3911|3911
sat_patente_aduanal_3912|3912
sat_patente_aduanal_3913|3913
sat_patente_aduanal_3914|3914
sat_patente_aduanal_3915|3915
sat_patente_aduanal_3916|3916
sat_patente_aduanal_3917|3917
sat_patente_aduanal_3918|3918
sat_patente_aduanal_3919|3919
sat_patente_aduanal_3920|3920
sat_patente_aduanal_3921|3921
sat_patente_aduanal_3922|3922
sat_patente_aduanal_3923|3923
sat_patente_aduanal_3924|3924
sat_patente_aduanal_3925|3925
sat_patente_aduanal_3926|3926
sat_patente_aduanal_3927|3927
sat_patente_aduanal_3928|3928
sat_patente_aduanal_3929|3929
sat_patente_aduanal_3930|3930
sat_patente_aduanal_3931|3931
sat_patente_aduanal_3932|3932
sat_patente_aduanal_3933|3933
sat_patente_aduanal_3934|3934
sat_patente_aduanal_3935|3935
sat_patente_aduanal_3936|3936
sat_patente_aduanal_3937|3937
sat_patente_aduanal_3938|3938
sat_patente_aduanal_3939|3939
sat_patente_aduanal_3940|3940
sat_patente_aduanal_3941|3941
sat_patente_aduanal_3942|3942
sat_patente_aduanal_3943|3943
sat_patente_aduanal_3944|3944
sat_patente_aduanal_3945|3945
sat_patente_aduanal_3946|3946
sat_patente_aduanal_3947|3947
sat_patente_aduanal_3948|3948
sat_patente_aduanal_3949|3949
sat_patente_aduanal_3950|3950
sat_patente_aduanal_3951|3951
sat_patente_aduanal_3952|3952
sat_patente_aduanal_3953|3953
sat_patente_aduanal_3954|3954
sat_patente_aduanal_3955|3955
sat_patente_aduanal_3956|3956
sat_patente_aduanal_3957|3957
sat_patente_aduanal_3958|3958
sat_patente_aduanal_3959|3959
sat_patente_aduanal_3960|3960
sat_patente_aduanal_3961|3961
sat_patente_aduanal_3962|3962
sat_patente_aduanal_3963|3963
sat_patente_aduanal_3964|3964
sat_patente_aduanal_3965|3965
sat_patente_aduanal_3966|3966
sat_patente_aduanal_3967|3967
sat_patente_aduanal_3968|3968
sat_patente_aduanal_3969|3969
sat_patente_aduanal_3970|3970
sat_patente_aduanal_3971|3971
sat_patente_aduanal_3972|3972
sat_patente_aduanal_3973|3973
sat_patente_aduanal_3974|3974
sat_patente_aduanal_3975|3975
sat_patente_aduanal_3976|3976
sat_patente_aduanal_3977|3977
sat_patente_aduanal_3978|3978
sat_patente_aduanal_3979|3979
sat_patente_aduanal_3980|3980
sat_patente_aduanal_3981|3981
sat_patente_aduanal_3982|3982
sat_patente_aduanal_3983|3983
sat_patente_aduanal_3984|3984
sat_patente_aduanal_3985|3985
sat_patente_aduanal_3986|3986
sat_patente_aduanal_3987|3987
sat_patente_aduanal_3988|3988
sat_patente_aduanal_3989|3989
sat_patente_aduanal_3990|3990
sat_patente_aduanal_3991|3991
sat_patente_aduanal_3992|3992
sat_patente_aduanal_3993|3993
sat_patente_aduanal_3994|3994
sat_patente_aduanal_3995|3995
sat_patente_aduanal_3996|3996
sat_patente_aduanal_3997|3997
sat_patente_aduanal_3998|3998
sat_patente_aduanal_3999|3999
sat_patente_aduanal_4001|4001
sat_patente_aduanal_4002|4002
sat_patente_aduanal_4003|4003
sat_patente_aduanal_4004|4004
sat_patente_aduanal_4005|4005
sat_patente_aduanal_4006|4006
sat_patente_aduanal_4007|4007
sat_patente_aduanal_4008|4008
sat_patente_aduanal_4009|4009
sat_patente_aduanal_4011|4011
sat_patente_aduanal_4012|4012
sat_patente_aduanal_4013|4013
sat_patente_aduanal_4014|4014
sat_patente_aduanal_4015|4015
sat_patente_aduanal_4016|4016
sat_patente_aduanal_4017|4017
sat_patente_aduanal_4018|4018
sat_patente_aduanal_4019|4019
sat_patente_aduanal_4020|4020
sat_patente_aduanal_4021|4021
sat_patente_aduanal_4022|4022
sat_patente_aduanal_4023|4023
sat_patente_aduanal_4024|4024
sat_patente_aduanal_4025|4025
sat_patente_aduanal_4026|4026
sat_patente_aduanal_4027|4027
sat_patente_aduanal_4028|4028
sat_patente_aduanal_4029|4029
sat_patente_aduanal_4030|4030
sat_patente_aduanal_4031|4031
sat_patente_aduanal_4032|4032
sat_patente_aduanal_4033|4033
sat_patente_aduanal_4035|4035
sat_patente_aduanal_4036|4036
sat_patente_aduanal_4037|4037
sat_patente_aduanal_4038|4038
sat_patente_aduanal_4039|4039
sat_patente_aduanal_4040|4040
sat_patente_aduanal_4041|4041
sat_patente_aduanal_4042|4042
sat_patente_aduanal_4043|4043
sat_patente_aduanal_4044|4044
sat_patente_aduanal_4045|4045
sat_patente_aduanal_4046|4046
sat_patente_aduanal_4047|4047
sat_patente_aduanal_4048|4048
sat_patente_aduanal_4049|4049
sat_patente_aduanal_4050|4050
sat_patente_aduanal_4052|4052
sat_patente_aduanal_4054|4054
sat_patente_aduanal_4055|4055
sat_patente_aduanal_4056|4056
sat_patente_aduanal_4057|4057
sat_patente_aduanal_4058|4058
sat_patente_aduanal_4059|4059
sat_patente_aduanal_4060|4060
sat_patente_aduanal_4061|4061
sat_patente_aduanal_4063|4063
sat_patente_aduanal_4064|4064
sat_patente_aduanal_4066|4066
sat_patente_aduanal_4067|4067
sat_patente_aduanal_4068|4068
sat_patente_aduanal_4069|4069
sat_patente_aduanal_4070|4070
sat_patente_aduanal_4071|4071
sat_patente_aduanal_4072|4072
sat_patente_aduanal_4073|4073
sat_patente_aduanal_4074|4074
sat_patente_aduanal_4075|4075
sat_patente_aduanal_4076|4076
sat_patente_aduanal_4078|4078
sat_patente_aduanal_4079|4079
sat_patente_aduanal_4080|4080
sat_patente_aduanal_4081|4081
sat_patente_aduanal_4082|4082
sat_patente_aduanal_4083|4083
sat_patente_aduanal_4084|4084
sat_patente_aduanal_4085|4085
sat_patente_aduanal_4086|4086
sat_patente_aduanal_4087|4087
sat_patente_aduanal_4088|4088
sat_patente_aduanal_4089|4089
sat_patente_aduanal_4090|4090
sat_patente_aduanal_4091|4091
sat_patente_aduanal_4092|4092
sat_patente_aduanal_4093|4093
sat_patente_aduanal_4094|4094
sat_patente_aduanal_4095|4095
sat_patente_aduanal_4096|4096
sat_patente_aduanal_4098|4098
sat_patente_aduanal_4099|4099
sat_patente_aduanal_4100|4100
sat_patente_aduanal_4101|4101
sat_patente_aduanal_4102|4102
sat_patente_aduanal_4103|4103
sat_patente_aduanal_4104|4104
sat_patente_aduanal_4105|4105
sat_patente_aduanal_4106|4106
sat_patente_aduanal_4107|4107
sat_patente_aduanal_4108|4108
sat_patente_aduanal_4109|4109
sat_patente_aduanal_4110|4110
sat_patente_aduanal_4111|4111
sat_patente_aduanal_4112|4112
sat_patente_aduanal_4113|4113
sat_patente_aduanal_4114|4114
sat_patente_aduanal_4115|4115
sat_patente_aduanal_4116|4116
sat_patente_aduanal_4117|4117
sat_patente_aduanal_5001|5001
sat_patente_aduanal_5002|5002
sat_patente_aduanal_5003|5003
sat_patente_aduanal_5004|5004
sat_patente_aduanal_5005|5005
sat_patente_aduanal_5006|5006
sat_patente_aduanal_5007|5007
sat_patente_aduanal_5008|5008
sat_patente_aduanal_5009|5009
sat_patente_aduanal_5010|5010
sat_patente_aduanal_5011|5011
sat_patente_aduanal_5012|5012
sat_patente_aduanal_5013|5013
sat_patente_aduanal_5014|5014
sat_patente_aduanal_5015|5015
sat_patente_aduanal_5016|5016
sat_patente_aduanal_5017|5017
sat_patente_aduanal_5018|5018
sat_patente_aduanal_5019|5019
sat_patente_aduanal_5020|5020
sat_patente_aduanal_5021|5021
sat_patente_aduanal_5022|5022
sat_patente_aduanal_5023|5023
sat_patente_aduanal_5024|5024
sat_patente_aduanal_5025|5025
sat_patente_aduanal_5026|5026
sat_patente_aduanal_5027|5027
sat_patente_aduanal_5028|5028
sat_patente_aduanal_5029|5029
sat_patente_aduanal_5030|5030
sat_patente_aduanal_5031|5031
sat_patente_aduanal_5032|5032
sat_patente_aduanal_5033|5033
sat_patente_aduanal_5034|5034
sat_patente_aduanal_5035|5035
sat_patente_aduanal_5036|5036
sat_patente_aduanal_5037|5037
sat_patente_aduanal_5038|5038
sat_patente_aduanal_5039|5039
sat_patente_aduanal_5040|5040
sat_patente_aduanal_5041|5041
sat_patente_aduanal_5042|5042
sat_patente_aduanal_5043|5043
sat_patente_aduanal_5044|5044
sat_patente_aduanal_5045|5045
sat_patente_aduanal_5046|5046
sat_patente_aduanal_5047|5047
sat_patente_aduanal_5048|5048
sat_patente_aduanal_5049|5049
sat_patente_aduanal_5050|5050
sat_patente_aduanal_5051|5051
sat_patente_aduanal_5052|5052
sat_patente_aduanal_5053|5053
sat_patente_aduanal_5054|5054
sat_patente_aduanal_5055|5055
sat_patente_aduanal_5056|5056
sat_patente_aduanal_5057|5057
sat_patente_aduanal_5058|5058
sat_patente_aduanal_5059|5059
sat_patente_aduanal_5060|5060
sat_patente_aduanal_5061|5061
sat_patente_aduanal_5062|5062
sat_patente_aduanal_5063|5063
sat_patente_aduanal_5064|5064
sat_patente_aduanal_5065|5065
sat_patente_aduanal_5066|5066
sat_patente_aduanal_5067|5067
sat_patente_aduanal_5068|5068
sat_patente_aduanal_5069|5069
sat_patente_aduanal_5070|5070
sat_patente_aduanal_5071|5071
sat_patente_aduanal_5072|5072
sat_patente_aduanal_5073|5073
sat_patente_aduanal_5074|5074
sat_patente_aduanal_5075|5075
sat_patente_aduanal_5076|5076
sat_patente_aduanal_5077|5077
sat_patente_aduanal_5078|5078
sat_patente_aduanal_5079|5079
sat_patente_aduanal_5080|5080
sat_patente_aduanal_5081|5081
sat_patente_aduanal_5082|5082
sat_patente_aduanal_5083|5083
sat_patente_aduanal_5084|5084
sat_patente_aduanal_5085|5085
sat_patente_aduanal_5086|5086
sat_patente_aduanal_5087|5087
sat_patente_aduanal_5088|5088
sat_patente_aduanal_5089|5089
sat_patente_aduanal_5090|5090
sat_patente_aduanal_5091|5091
sat_patente_aduanal_5092|5092
sat_patente_aduanal_5093|5093
sat_patente_aduanal_5094|5094
sat_patente_aduanal_5095|5095
sat_patente_aduanal_5096|5096
sat_patente_aduanal_5098|5098
sat_patente_aduanal_5099|5099
sat_patente_aduanal_5100|5100
sat_patente_aduanal_5101|5101
sat_patente_aduanal_5102|5102
sat_patente_aduanal_5103|5103
sat_patente_aduanal_5104|5104
sat_patente_aduanal_5105|5105
sat_patente_aduanal_5106|5106
sat_patente_aduanal_5107|5107
sat_patente_aduanal_5108|5108
sat_patente_aduanal_5109|5109
sat_patente_aduanal_5110|5110
sat_patente_aduanal_5111|5111
sat_patente_aduanal_5112|5112
sat_patente_aduanal_5113|5113
sat_patente_aduanal_5114|5114
sat_patente_aduanal_5115|5115
sat_patente_aduanal_5116|5116
sat_patente_aduanal_5117|5117
sat_patente_aduanal_5118|5118
sat_patente_aduanal_5119|5119
sat_patente_aduanal_5120|5120
sat_patente_aduanal_5121|5121
sat_patente_aduanal_5122|5122
sat_patente_aduanal_5123|5123
sat_patente_aduanal_5124|5124
sat_patente_aduanal_5125|5125
sat_patente_aduanal_5126|5126
sat_patente_aduanal_5127|5127
sat_patente_aduanal_5128|5128
sat_patente_aduanal_5129|5129
sat_patente_aduanal_5130|5130
sat_patente_aduanal_5131|5131
sat_patente_aduanal_5132|5132
sat_patente_aduanal_5133|5133
sat_patente_aduanal_5134|5134
sat_patente_aduanal_5135|5135
sat_patente_aduanal_5136|5136
sat_patente_aduanal_5137|5137
sat_patente_aduanal_5138|5138
sat_patente_aduanal_5139|5139
sat_patente_aduanal_5140|5140
sat_patente_aduanal_5141|5141
sat_patente_aduanal_5142|5142
sat_patente_aduanal_5143|5143
sat_patente_aduanal_5148|5148
sat_patente_aduanal_5149|5149
sat_patente_aduanal_5150|5150
sat_patente_aduanal_5151|5151
sat_patente_aduanal_5152|5152
sat_patente_aduanal_5153|5153
sat_patente_aduanal_5154|5154
sat_patente_aduanal_5155|5155
sat_patente_aduanal_5156|5156
sat_patente_aduanal_5157|5157
sat_patente_aduanal_5158|5158
sat_patente_aduanal_5159|5159
sat_patente_aduanal_5160|5160
sat_patente_aduanal_5161|5161
sat_patente_aduanal_5162|5162
sat_patente_aduanal_5163|5163
sat_patente_aduanal_5164|5164
sat_patente_aduanal_5165|5165
sat_patente_aduanal_5166|5166
sat_patente_aduanal_5167|5167
sat_patente_aduanal_5168|5168
sat_patente_aduanal_5170|5170
sat_patente_aduanal_5171|5171
sat_patente_aduanal_5172|5172
sat_patente_aduanal_5173|5173
sat_patente_aduanal_5174|5174
sat_patente_aduanal_5175|5175
sat_patente_aduanal_5176|5176
sat_patente_aduanal_5177|5177
sat_patente_aduanal_5178|5178
sat_patente_aduanal_5179|5179
sat_patente_aduanal_5180|5180
sat_patente_aduanal_5181|5181
sat_patente_aduanal_5182|5182
sat_patente_aduanal_5183|5183
sat_patente_aduanal_5184|5184
sat_patente_aduanal_5185|5185
sat_patente_aduanal_5186|5186
sat_patente_aduanal_5187|5187
sat_patente_aduanal_5188|5188
sat_patente_aduanal_5189|5189
sat_patente_aduanal_5190|5190
sat_patente_aduanal_5191|5191
sat_patente_aduanal_5192|5192
sat_patente_aduanal_5193|5193
sat_patente_aduanal_5194|5194
sat_patente_aduanal_5195|5195
sat_patente_aduanal_5196|5196
sat_patente_aduanal_5197|5197
sat_patente_aduanal_5198|5198
sat_patente_aduanal_5199|5199
sat_patente_aduanal_5200|5200
sat_patente_aduanal_5201|5201
sat_patente_aduanal_5202|5202
sat_patente_aduanal_5203|5203
sat_patente_aduanal_5204|5204
sat_patente_aduanal_5205|5205
sat_patente_aduanal_5206|5206
sat_patente_aduanal_5207|5207
sat_patente_aduanal_5208|5208
sat_patente_aduanal_5209|5209
sat_patente_aduanal_5210|5210
sat_patente_aduanal_5211|5211
sat_patente_aduanal_5212|5212
sat_patente_aduanal_5213|5213
sat_patente_aduanal_5214|5214
sat_patente_aduanal_5215|5215
sat_patente_aduanal_5216|5216
sat_patente_aduanal_5217|5217
sat_patente_aduanal_5218|5218
sat_patente_aduanal_5219|5219
sat_patente_aduanal_5220|5220
sat_patente_aduanal_5221|5221
sat_patente_aduanal_5222|5222
sat_patente_aduanal_5223|5223
sat_patente_aduanal_5224|5224
sat_patente_aduanal_5225|5225
sat_patente_aduanal_5226|5226
sat_patente_aduanal_5227|5227
sat_patente_aduanal_5228|5228
sat_patente_aduanal_5229|5229
sat_patente_aduanal_5230|5230
sat_patente_aduanal_5231|5231
sat_patente_aduanal_5233|5233
sat_patente_aduanal_5234|5234
sat_patente_aduanal_5235|5235
sat_patente_aduanal_5236|5236
sat_patente_aduanal_5237|5237
sat_patente_aduanal_5238|5238
sat_patente_aduanal_5239|5239
sat_patente_aduanal_5240|5240
sat_patente_aduanal_5241|5241
sat_patente_aduanal_5242|5242
sat_patente_aduanal_5243|5243
sat_patente_aduanal_5244|5244
sat_patente_aduanal_5245|5245
sat_patente_aduanal_5246|5246
sat_patente_aduanal_5247|5247
sat_patente_aduanal_5248|5248
sat_patente_aduanal_5249|5249
sat_patente_aduanal_5250|5250
sat_patente_aduanal_5251|5251
sat_patente_aduanal_5252|5252
sat_patente_aduanal_5253|5253
sat_patente_aduanal_5254|5254
sat_patente_aduanal_5255|5255
sat_patente_aduanal_5256|5256
sat_patente_aduanal_5257|5257
sat_patente_aduanal_5258|5258
sat_patente_aduanal_5259|5259
sat_patente_aduanal_5260|5260
sat_patente_aduanal_5261|5261
sat_patente_aduanal_5262|5262
sat_patente_aduanal_5263|5263
sat_patente_aduanal_5264|5264
sat_patente_aduanal_5265|5265
sat_patente_aduanal_5266|5266
sat_patente_aduanal_5267|5267
sat_patente_aduanal_5268|5268
sat_patente_aduanal_5269|5269
sat_patente_aduanal_5270|5270
sat_patente_aduanal_5271|5271
sat_patente_aduanal_5272|5272
sat_patente_aduanal_5273|5273
sat_patente_aduanal_5274|5274
sat_patente_aduanal_5275|5275
sat_patente_aduanal_5276|5276
sat_patente_aduanal_5277|5277
sat_patente_aduanal_5278|5278
sat_patente_aduanal_5280|5280
sat_patente_aduanal_5281|5281
sat_patente_aduanal_5282|5282
sat_patente_aduanal_5283|5283
sat_patente_aduanal_5284|5284
sat_patente_aduanal_5286|5286
sat_patente_aduanal_5287|5287
sat_patente_aduanal_5288|5288
sat_patente_aduanal_5289|5289
sat_patente_aduanal_5290|5290
sat_patente_aduanal_5291|5291
sat_patente_aduanal_5292|5292
sat_patente_aduanal_5293|5293
sat_patente_aduanal_5294|5294
sat_patente_aduanal_5295|5295
sat_patente_aduanal_5296|5296
sat_patente_aduanal_5297|5297
sat_patente_aduanal_5298|5298
sat_patente_aduanal_5299|5299
sat_patente_aduanal_5300|5300
sat_patente_aduanal_5302|5302
sat_patente_aduanal_5303|5303
sat_patente_aduanal_5304|5304
sat_patente_aduanal_5305|5305
sat_patente_aduanal_5307|5307
sat_patente_aduanal_5308|5308
sat_patente_aduanal_5309|5309
sat_patente_aduanal_5310|5310
sat_patente_aduanal_5311|5311
sat_patente_aduanal_5312|5312
sat_patente_aduanal_5313|5313
sat_patente_aduanal_5314|5314
sat_patente_aduanal_5315|5315
sat_patente_aduanal_5316|5316
sat_patente_aduanal_5317|5317
sat_patente_aduanal_5318|5318
sat_patente_aduanal_5319|5319
sat_patente_aduanal_5320|5320
sat_patente_aduanal_5321|5321
sat_patente_aduanal_5322|5322
sat_patente_aduanal_5323|5323
sat_patente_aduanal_5324|5324
sat_patente_aduanal_5325|5325
sat_patente_aduanal_5326|5326
sat_patente_aduanal_5327|5327
sat_patente_aduanal_5328|5328
sat_patente_aduanal_5330|5330
sat_patente_aduanal_5331|5331
sat_patente_aduanal_5332|5332
sat_patente_aduanal_5333|5333
sat_patente_aduanal_5334|5334
sat_patente_aduanal_5335|5335
sat_patente_aduanal_5338|5338
sat_patente_aduanal_5339|5339
sat_patente_aduanal_5340|5340
sat_patente_aduanal_5341|5341
sat_patente_aduanal_5342|5342
sat_patente_aduanal_5343|5343
sat_patente_aduanal_5344|5344
sat_patente_aduanal_5345|5345
sat_patente_aduanal_5346|5346
sat_patente_aduanal_5348|5348
sat_patente_aduanal_5350|5350
sat_patente_aduanal_5351|5351
sat_patente_aduanal_5352|5352
sat_patente_aduanal_5353|5353
sat_patente_aduanal_5354|5354
sat_patente_aduanal_5355|5355
sat_patente_aduanal_5356|5356
sat_patente_aduanal_5357|5357
sat_patente_aduanal_5358|5358
sat_patente_aduanal_5359|5359
sat_patente_aduanal_5360|5360
sat_patente_aduanal_5361|5361
sat_patente_aduanal_5362|5362
sat_patente_aduanal_5363|5363
sat_patente_aduanal_5364|5364
sat_patente_aduanal_5365|5365
sat_patente_aduanal_5366|5366
sat_patente_aduanal_5367|5367
sat_patente_aduanal_5368|5368
sat_patente_aduanal_5369|5369
sat_patente_aduanal_5370|5370
sat_patente_aduanal_5371|5371
sat_patente_aduanal_5372|5372
sat_patente_aduanal_5373|5373
sat_patente_aduanal_5374|5374
sat_patente_aduanal_5375|5375
sat_patente_aduanal_5376|5376
sat_patente_aduanal_5377|5377
sat_patente_aduanal_5378|5378
sat_patente_aduanal_5379|5379
sat_patente_aduanal_5380|5380
sat_patente_aduanal_5381|5381
sat_patente_aduanal_5382|5382
sat_patente_aduanal_5383|5383
sat_patente_aduanal_5384|5384
sat_patente_aduanal_5385|5385
sat_patente_aduanal_5386|5386
sat_patente_aduanal_5387|5387
sat_patente_aduanal_5388|5388
sat_patente_aduanal_5389|5389
sat_patente_aduanal_5390|5390
sat_patente_aduanal_5391|5391
sat_patente_aduanal_5392|5392
sat_patente_aduanal_5393|5393
sat_patente_aduanal_5394|5394
sat_patente_aduanal_5395|5395
sat_patente_aduanal_5396|5396
sat_patente_aduanal_5397|5397
sat_patente_aduanal_5398|5398
sat_patente_aduanal_5399|5399
sat_patente_aduanal_5400|5400
sat_patente_aduanal_5401|5401
sat_patente_aduanal_5402|5402
sat_patente_aduanal_5403|5403
sat_patente_aduanal_5404|5404
sat_patente_aduanal_5405|5405
sat_patente_aduanal_5406|5406
sat_patente_aduanal_5407|5407
sat_patente_aduanal_5408|5408
sat_patente_aduanal_5409|5409
sat_patente_aduanal_5410|5410
sat_patente_aduanal_5411|5411
sat_patente_aduanal_5412|5412
sat_patente_aduanal_5413|5413
sat_patente_aduanal_5414|5414
sat_patente_aduanal_5415|5415
sat_patente_aduanal_5416|5416
sat_patente_aduanal_5417|5417
sat_patente_aduanal_5418|5418
sat_patente_aduanal_5419|5419
sat_patente_aduanal_5420|5420
sat_patente_aduanal_5421|5421
sat_patente_aduanal_5422|5422
sat_patente_aduanal_5423|5423
sat_patente_aduanal_5424|5424
sat_patente_aduanal_5425|5425
sat_patente_aduanal_5426|5426
sat_patente_aduanal_5427|5427
sat_patente_aduanal_5428|5428
sat_patente_aduanal_5429|5429
sat_patente_aduanal_5430|5430
sat_patente_aduanal_5431|5431
sat_patente_aduanal_5432|5432
sat_patente_aduanal_5433|5433
sat_patente_aduanal_5434|5434
sat_patente_aduanal_5435|5435
sat_patente_aduanal_5436|5436
sat_patente_aduanal_5437|5437
sat_patente_aduanal_5438|5438
sat_patente_aduanal_5439|5439
sat_patente_aduanal_5440|5440
sat_patente_aduanal_5441|5441
sat_patente_aduanal_5443|5443
sat_patente_aduanal_5444|5444
sat_patente_aduanal_5445|5445
sat_patente_aduanal_5446|5446
sat_patente_aduanal_5447|5447
sat_patente_aduanal_5448|5448
sat_patente_aduanal_5449|5449
sat_patente_aduanal_5450|5450
sat_patente_aduanal_5451|5451
sat_patente_aduanal_5452|5452
sat_patente_aduanal_5453|5453
sat_patente_aduanal_5454|5454
sat_patente_aduanal_5455|5455
sat_patente_aduanal_5456|5456
sat_patente_aduanal_5457|5457
sat_patente_aduanal_5458|5458
sat_patente_aduanal_5459|5459
sat_patente_aduanal_5460|5460
sat_patente_aduanal_5461|5461
sat_patente_aduanal_5462|5462
sat_patente_aduanal_5463|5463
sat_patente_aduanal_5464|5464
sat_patente_aduanal_5465|5465
sat_patente_aduanal_5466|5466
sat_patente_aduanal_5467|5467
sat_patente_aduanal_5468|5468
sat_patente_aduanal_5469|5469
sat_patente_aduanal_5471|5471
sat_patente_aduanal_5472|5472
sat_patente_aduanal_5473|5473
sat_patente_aduanal_5474|5474
sat_patente_aduanal_5475|5475
sat_patente_aduanal_5477|5477
sat_patente_aduanal_5478|5478
sat_patente_aduanal_5479|5479
sat_patente_aduanal_5480|5480
sat_patente_aduanal_5481|5481
sat_patente_aduanal_5482|5482
sat_patente_aduanal_5483|5483
sat_patente_aduanal_5484|5484
sat_patente_aduanal_5485|5485
sat_patente_aduanal_5486|5486
sat_patente_aduanal_5487|5487
sat_patente_aduanal_5488|5488
sat_patente_aduanal_5489|5489
sat_patente_aduanal_5490|5490
sat_patente_aduanal_5491|5491
sat_patente_aduanal_5492|5492
sat_patente_aduanal_5493|5493
sat_patente_aduanal_5494|5494
sat_patente_aduanal_5495|5495
sat_patente_aduanal_5496|5496
sat_patente_aduanal_5497|5497
sat_patente_aduanal_5498|5498
sat_patente_aduanal_5499|5499
sat_patente_aduanal_5500|5500
sat_patente_aduanal_5501|5501
sat_patente_aduanal_5502|5502
sat_patente_aduanal_5503|5503
sat_patente_aduanal_5504|5504
sat_patente_aduanal_5505|5505
sat_patente_aduanal_5506|5506
sat_patente_aduanal_5507|5507
sat_patente_aduanal_5508|5508
sat_patente_aduanal_5509|5509
sat_patente_aduanal_5510|5510
sat_patente_aduanal_5512|5512
sat_patente_aduanal_5513|5513
sat_patente_aduanal_5514|5514
sat_patente_aduanal_5515|5515
sat_patente_aduanal_5516|5516
sat_patente_aduanal_5517|5517
sat_patente_aduanal_5518|5518
sat_patente_aduanal_5519|5519
sat_patente_aduanal_5520|5520
sat_patente_aduanal_5521|5521
sat_patente_aduanal_5522|5522
sat_patente_aduanal_5523|5523
sat_patente_aduanal_5524|5524
sat_patente_aduanal_5525|5525
sat_patente_aduanal_5526|5526
sat_patente_aduanal_5527|5527
sat_patente_aduanal_5528|5528
sat_patente_aduanal_5529|5529
sat_patente_aduanal_5530|5530
sat_patente_aduanal_5531|5531
sat_patente_aduanal_5532|5532
sat_patente_aduanal_5533|5533
sat_patente_aduanal_5534|5534
sat_patente_aduanal_5535|5535
sat_patente_aduanal_5536|5536
sat_patente_aduanal_5537|5537
sat_patente_aduanal_5538|5538
sat_patente_aduanal_5539|5539
sat_patente_aduanal_5540|5540
sat_patente_aduanal_5541|5541
sat_patente_aduanal_5542|5542
sat_patente_aduanal_5543|5543
sat_patente_aduanal_5544|5544
sat_patente_aduanal_5545|5545
sat_patente_aduanal_5546|5546
sat_patente_aduanal_5547|5547
sat_patente_aduanal_5548|5548
sat_patente_aduanal_5549|5549
sat_patente_aduanal_5550|5550
sat_patente_aduanal_5551|5551
sat_patente_aduanal_5552|5552
sat_patente_aduanal_5553|5553
sat_patente_aduanal_5554|5554
sat_patente_aduanal_5555|5555
sat_patente_aduanal_5556|5556
sat_patente_aduanal_5557|5557
sat_patente_aduanal_5558|5558
sat_patente_aduanal_5559|5559
sat_patente_aduanal_5560|5560
sat_patente_aduanal_5561|5561
sat_patente_aduanal_5562|5562
sat_patente_aduanal_5563|5563
sat_patente_aduanal_5564|5564
sat_patente_aduanal_5565|5565
sat_patente_aduanal_5566|5566
sat_patente_aduanal_5567|5567
sat_patente_aduanal_5568|5568
sat_patente_aduanal_5569|5569
sat_patente_aduanal_5570|5570
sat_patente_aduanal_5571|5571
sat_patente_aduanal_5572|5572
sat_patente_aduanal_5573|5573
sat_patente_aduanal_5574|5574
sat_patente_aduanal_5575|5575
sat_patente_aduanal_5576|5576
sat_patente_aduanal_5577|5577
sat_patente_aduanal_5578|5578
sat_patente_aduanal_5579|5579
sat_patente_aduanal_5580|5580
sat_patente_aduanal_5581|5581
sat_patente_aduanal_5582|5582
sat_patente_aduanal_5583|5583
sat_patente_aduanal_5584|5584
sat_patente_aduanal_5585|5585
sat_patente_aduanal_5586|5586
sat_patente_aduanal_5587|5587
sat_patente_aduanal_5588|5588
sat_patente_aduanal_5589|5589
sat_patente_aduanal_5590|5590
sat_patente_aduanal_5591|5591
sat_patente_aduanal_5592|5592
sat_patente_aduanal_5593|5593
sat_patente_aduanal_5594|5594
sat_patente_aduanal_5595|5595
sat_patente_aduanal_5596|5596
sat_patente_aduanal_5597|5597
sat_patente_aduanal_5598|5598
sat_patente_aduanal_5599|5599
sat_patente_aduanal_5600|5600
sat_patente_aduanal_5601|5601
sat_patente_aduanal_5602|5602
sat_patente_aduanal_5603|5603
sat_patente_aduanal_5604|5604
sat_patente_aduanal_5605|5605
sat_patente_aduanal_5606|5606
sat_patente_aduanal_5607|5607
sat_patente_aduanal_5608|5608
sat_patente_aduanal_5609|5609
sat_patente_aduanal_5610|5610
sat_patente_aduanal_5611|5611
sat_patente_aduanal_5612|5612
sat_patente_aduanal_5613|5613
sat_patente_aduanal_5614|5614
sat_patente_aduanal_5615|5615
sat_patente_aduanal_5616|5616
sat_patente_aduanal_5617|5617
sat_patente_aduanal_5618|5618
sat_patente_aduanal_5619|5619
sat_patente_aduanal_5620|5620
sat_patente_aduanal_5621|5621
sat_patente_aduanal_5622|5622
sat_patente_aduanal_5623|5623
sat_patente_aduanal_5624|5624
sat_patente_aduanal_5625|5625
sat_patente_aduanal_5626|5626
sat_patente_aduanal_5627|5627
sat_patente_aduanal_5628|5628
sat_patente_aduanal_5629|5629
sat_patente_aduanal_5630|5630
sat_patente_aduanal_5631|5631
sat_patente_aduanal_5632|5632
sat_patente_aduanal_5633|5633
sat_patente_aduanal_5634|5634
sat_patente_aduanal_5635|5635
sat_patente_aduanal_5636|5636
sat_patente_aduanal_5637|5637
sat_patente_aduanal_5638|5638
sat_patente_aduanal_6001|6001
sat_patente_aduanal_6002|6002
sat_patente_aduanal_6003|6003
sat_patente_aduanal_6004|6004
sat_patente_aduanal_6005|6005
sat_patente_aduanal_6007|6007
sat_patente_aduanal_6008|6008
sat_patente_aduanal_6009|6009
sat_patente_aduanal_6010|6010
sat_patente_aduanal_6011|6011
sat_patente_aduanal_6012|6012
sat_patente_aduanal_6013|6013
sat_patente_aduanal_6014|6014
sat_patente_aduanal_6015|6015
sat_patente_aduanal_6016|6016
sat_patente_aduanal_6017|6017
sat_patente_aduanal_6018|6018
sat_patente_aduanal_6019|6019
sat_patente_aduanal_6020|6020
sat_patente_aduanal_6021|6021
sat_patente_aduanal_6022|6022
sat_patente_aduanal_6023|6023
sat_patente_aduanal_6024|6024
sat_patente_aduanal_6025|6025
sat_patente_aduanal_6026|6026
sat_patente_aduanal_6027|6027
sat_patente_aduanal_6028|6028
sat_patente_aduanal_6029|6029
sat_patente_aduanal_6030|6030
sat_patente_aduanal_6031|6031
sat_patente_aduanal_6032|6032
sat_patente_aduanal_6033|6033
sat_patente_aduanal_6034|6034
sat_patente_aduanal_6035|6035
sat_patente_aduanal_6036|6036
sat_patente_aduanal_6037|6037
sat_patente_aduanal_6038|6038
sat_patente_aduanal_6040|6040
sat_patente_aduanal_6041|6041
sat_patente_aduanal_6042|6042
sat_patente_aduanal_6043|6043
sat_patente_aduanal_6044|6044
sat_patente_aduanal_6045|6045
sat_patente_aduanal_6046|6046
sat_patente_aduanal_6047|6047
sat_patente_aduanal_6048|6048
sat_patente_aduanal_6049|6049
sat_patente_aduanal_6050|6050
sat_patente_aduanal_6051|6051
sat_patente_aduanal_6052|6052
sat_patente_aduanal_6053|6053
sat_patente_aduanal_6054|6054
sat_patente_aduanal_6055|6055
sat_patente_aduanal_6056|6056
sat_patente_aduanal_6057|6057
sat_patente_aduanal_6058|6058
sat_patente_aduanal_6059|6059
sat_patente_aduanal_6060|6060
sat_patente_aduanal_6061|6061
sat_patente_aduanal_6062|6062
sat_patente_aduanal_6063|6063
sat_patente_aduanal_6064|6064
sat_patente_aduanal_6065|6065
sat_patente_aduanal_6066|6066
sat_patente_aduanal_6067|6067
sat_patente_aduanal_6068|6068
sat_patente_aduanal_6069|6069
sat_patente_aduanal_6070|6070
sat_patente_aduanal_6071|6071
sat_patente_aduanal_6072|6072
sat_patente_aduanal_6073|6073
sat_patente_aduanal_6074|6074
sat_patente_aduanal_6075|6075
sat_patente_aduanal_6076|6076
sat_patente_aduanal_6077|6077
sat_patente_aduanal_6078|6078
sat_patente_aduanal_6079|6079
sat_patente_aduanal_6080|6080
sat_patente_aduanal_6081|6081
sat_patente_aduanal_6082|6082
sat_patente_aduanal_6083|6083
sat_patente_aduanal_6084|6084
sat_patente_aduanal_6085|6085
sat_patente_aduanal_6086|6086
sat_patente_aduanal_6087|6087
sat_patente_aduanal_6088|6088
sat_patente_aduanal_6089|6089
sat_patente_aduanal_6090|6090
sat_patente_aduanal_6091|6091
sat_patente_aduanal_6092|6092
sat_patente_aduanal_6093|6093
sat_patente_aduanal_6094|6094
sat_patente_aduanal_6095|6095
sat_patente_aduanal_6096|6096
sat_patente_aduanal_6097|6097
sat_patente_aduanal_6098|6098
sat_patente_aduanal_6099|6099
sat_patente_aduanal_6100|6100
sat_patente_aduanal_6101|6101
sat_patente_aduanal_6102|6102
sat_patente_aduanal_6103|6103
sat_patente_aduanal_6104|6104
sat_patente_aduanal_6105|6105
sat_patente_aduanal_6106|6106
sat_patente_aduanal_6107|6107
sat_patente_aduanal_6108|6108
sat_patente_aduanal_6109|6109
sat_patente_aduanal_6111|6111
sat_patente_aduanal_6112|6112
sat_patente_aduanal_6113|6113
sat_patente_aduanal_6114|6114
sat_patente_aduanal_6115|6115
sat_patente_aduanal_6117|6117
sat_patente_aduanal_6118|6118
sat_patente_aduanal_6119|6119
sat_patente_aduanal_6120|6120
sat_patente_aduanal_6121|6121
sat_patente_aduanal_6122|6122
sat_patente_aduanal_6123|6123
sat_patente_aduanal_6124|6124
sat_patente_aduanal_6125|6125
sat_patente_aduanal_6126|6126
sat_patente_aduanal_6128|6128
sat_patente_aduanal_6129|6129
sat_patente_aduanal_6130|6130
sat_patente_aduanal_6131|6131
sat_patente_aduanal_6133|6133
sat_patente_aduanal_6134|6134
sat_patente_aduanal_6136|6136
sat_patente_aduanal_7001|7001
sat_patente_aduanal_7002|7002
sat_patente_aduanal_7003|7003
sat_patente_aduanal_7004|7004
sat_patente_aduanal_7005|7005
sat_patente_aduanal_7006|7006
sat_patente_aduanal_7007|7007
sat_patente_aduanal_7008|7008
sat_patente_aduanal_7009|7009
sat_patente_aduanal_7010|7010
sat_patente_aduanal_7011|7011
sat_patente_aduanal_7012|7012
sat_patente_aduanal_7013|7013
sat_patente_aduanal_7014|7014
sat_patente_aduanal_7015|7015
sat_patente_aduanal_7016|7016
sat_patente_aduanal_7017|7017
sat_patente_aduanal_7018|7018
sat_patente_aduanal_7019|7019
sat_patente_aduanal_7020|7020
sat_patente_aduanal_7021|7021
sat_patente_aduanal_7022|7022
sat_patente_aduanal_7023|7023
sat_patente_aduanal_7024|7024
sat_patente_aduanal_7025|7025
sat_patente_aduanal_7026|7026
sat_patente_aduanal_7027|7027
sat_patente_aduanal_7028|7028
sat_patente_aduanal_7029|7029
sat_patente_aduanal_7030|7030
sat_patente_aduanal_7031|7031
sat_patente_aduanal_7032|7032
sat_patente_aduanal_7033|7033
sat_patente_aduanal_7034|7034
sat_patente_aduanal_7035|7035
sat_patente_aduanal_7036|7036
sat_patente_aduanal_7037|7037
sat_patente_aduanal_7038|7038
sat_patente_aduanal_7039|7039
sat_patente_aduanal_7041|7041
sat_patente_aduanal_7042|7042
sat_patente_aduanal_7043|7043
sat_patente_aduanal_7044|7044
sat_patente_aduanal_7602|7602
sat_patente_aduanal_7603|7603
sat_patente_aduanal_7604|7604
sat_patente_aduanal_7605|7605
sat_patente_aduanal_7606|7606
sat_patente_aduanal_7607|7607
sat_patente_aduanal_7608|7608
sat_patente_aduanal_7609|7609
sat_patente_aduanal_7610|7610
sat_patente_aduanal_9001|9001
sat_patente_aduanal_9002|9002
sat_patente_aduanal_9003|9003
sat_patente_aduanal_9004|9004
sat_patente_aduanal_9005|9005
sat_patente_aduanal_9006|9006
sat_patente_aduanal_9007|9007
sat_patente_aduanal_9008|9008
sat_patente_aduanal_9009|9009
sat_patente_aduanal_9010|9010
sat_patente_aduanal_9011|9011
sat_patente_aduanal_9012|9012
sat_patente_aduanal_9013|9013
sat_patente_aduanal_9014|9014
sat_patente_aduanal_9015|9015
sat_patente_aduanal_9016|9016
sat_patente_aduanal_9017|9017
sat_patente_aduanal_9018|9018
sat_patente_aduanal_9019|9019
sat_patente_aduanal_9020|9020
sat_patente_aduanal_9021|9021
sat_patente_aduanal_9022|9022
sat_patente_aduanal_9023|9023
sat_patente_aduanal_9024|9024
sat_patente_aduanal_9025|9025
sat_patente_aduanal_9026|9026
sat_patente_aduanal_9027|9027
sat_patente_aduanal_9028|9028
sat_patente_aduanal_9029|9029
sat_patente_aduanal_9030|9030
sat_patente_aduanal_9031|9031
sat_patente_aduanal_9033|9033
sat_patente_aduanal_9034|9034
sat_patente_aduanal_9035|9035
sat_patente_aduanal_9037|9037
sat_patente_aduanal_9038|9038
sat_patente_aduanal_9039|9039
sat_patente_aduanal_9040|9040
sat_patente_aduanal_9041|9041
sat_patente_aduanal_9042|9042
sat_patente_aduanal_9043|9043
sat_patente_aduanal_9044|9044
sat_patente_aduanal_9045|9045
sat_patente_aduanal_9046|9046
sat_patente_aduanal_9047|9047
sat_patente_aduanal_9048|9048
sat_patente_aduanal_9049|9049
sat_patente_aduanal_9050|9050
sat_patente_aduanal_9051|9051
sat_patente_aduanal_9052|9052
sat_patente_aduanal_9053|9053
sat_patente_aduanal_9054|9054
sat_patente_aduanal_9055|9055
sat_patente_aduanal_9999|9999
